"id","title","description","price","image_link","additional_image_link","link","availability","condition","product_type"
"659293","Oxford Cotton Shirts 6 Colors Button Down","Premium Oxford Cotton Shirts 6 Colors Button Down available at best price.","5829 PKR","https://cbu01.alicdn.com/img/ibank/O1CN01PxxLu11Bs2kX673wr_!!0-0-cib.jpg"," "" https://cbu01.alicdn.com/img/ibank/O1CN01ZIQQwm1Bs2kLQvmOd_!!0-0-cib.jpg,https://cbu01.alicdn.com/img/ibank/O1CN01sNw8Qi1Bs2kV8N02B_!!0-0-cib.jpg,https://cbu01.alicdn.com/img/ibank/O1CN01wvhQNS1Bs2kZ3OK1X_!!0-0-cib.jpg,https://cbu01.alicdn.com/img/ibank/O1CN01uj898Q1HiKLHKzQjd_!!1004610791-0-cib.jpg "" ","https://yourwebsite.com/products/659293","in stock","new","shirts"
"649981","Custom Men Women Polo Shirts Cotton Logo Printing","Premium Custom Men Women Polo Shirts Cotton Logo Printing available at best price.","3024 PKR","https://cbu01.alicdn.com/img/ibank/O1CN019ss5P11wkWPuPzTog_!!2211403566346-0-cib.jpg"," "" https://cbu01.alicdn.com/img/ibank/O1CN01KrYZfN28SRxAOUe72_!!2213256647931-0-cib.jpg,https://cbu01.alicdn.com/img/ibank/O1CN01ycJgSx28SRx3kQQmR_!!2213256647931-0-cib.jpg,https://cbu01.alicdn.com/img/ibank/O1CN01tBq6zj28SRxFJVsdX_!!2213256647931-0-cib.jpg,https://cbu01.alicdn.com/img/ibank/O1CN01rJSeLT28SRwxIiNGa_!!2213256647931-0-cib.jpg "" ","https://yourwebsite.com/products/649981","in stock","new","shirts"
"637479","Men Long Sleeve Loose Shirts Autumn Blue Checkered","Premium Men Long Sleeve Loose Shirts Autumn Blue Checkered available at best price.","5624 PKR","https://cbu01.alicdn.com/img/ibank/16980837266_717376338.jpg"," "" https://cbu01.alicdn.com/img/ibank/4301142089_717376338.jpg,https://cbu01.alicdn.com/img/ibank/4298116500_717376338.jpg,https://cbu01.alicdn.com/img/ibank/4298107833_717376338.jpg,https://cbu01.alicdn.com/img/ibank/O1CN01EbGaiT1R1PISwFjgA_!!1113412051-0-cib.jpg "" ","https://yourwebsite.com/products/637479","in stock","new","shirts"
"649838","Custom Men Women Polo Shirts with Logo Print","Premium Custom Men Women Polo Shirts with Logo Print available at best price.","3654 PKR","https://cbu01.alicdn.com/img/ibank/O1CN015rt7PF2CyI8If5Q0l_!!2207968138542-0-cib.jpg"," "" https://cbu01.alicdn.com/img/ibank/O1CN01z6zKhg2CyI8FEeQHT_!!2207968138542-0-cib.jpg,https://cbu01.alicdn.com/img/ibank/O1CN01huEoFu2CyI8JQTcvj_!!2207968138542-0-cib.jpg,https://cbu01.alicdn.com/img/ibank/O1CN01UK45rn2CyI8II5XtU_!!2207968138542-0-cib.jpg,https://cbu01.alicdn.com/img/ibank/O1CN01xLn1ta1Bs2wIwqZTT_!!0-0-cib.jpg "" ","https://yourwebsite.com/products/649838","in stock","new","shirts"
"649848","Men Striped Non-Iron Long Sleeve Business Shirts","Premium Men Striped Non-Iron Long Sleeve Business Shirts available at best price.","5092 PKR","https://cbu01.alicdn.com/img/ibank/O1CN01TKhlr01JBSzjspF9x_!!3525040990-0-cib.jpg"," "" https://cbu01.alicdn.com/img/ibank/O1CN01UcqywQ1JBSzeTMN90_!!3525040990-0-cib.jpg,https://cbu01.alicdn.com/img/ibank/O1CN0123W76l1JBSzhHBL52_!!3525040990-0-cib.jpg,https://cbu01.alicdn.com/img/ibank/O1CN01YI5ZJR1JBSzifYWWn_!!3525040990-0-cib.jpg,https://cbu01.alicdn.com/img/ibank/O1CN0133C55E1JBSzW8v9XZ_!!3525040990-0-cib.jpg "" ","https://yourwebsite.com/products/649848","in stock","new","shirts"
"646094","Men Slim Fit Long Sleeve Business Shirts Multi Color Plus Size","Premium Men Slim Fit Long Sleeve Business Shirts Multi Color Plus Size available at best price.","3003 PKR","https://cbu01.alicdn.com/img/ibank/O1CN01KOkjkx2B3D4Ou2X78_!!2212381328282-0-cib.jpg"," "" https://cbu01.alicdn.com/img/ibank/O1CN015gq5Tm2B3D4Ou3bcC_!!2212381328282-0-cib.jpg,https://cbu01.alicdn.com/img/ibank/O1CN01xtvSJU2B3D4Nf3XSY_!!2212381328282-0-cib.jpg,https://cbu01.alicdn.com/img/ibank/O1CN01cYR2m62B3D4NcZ7ff_!!2212381328282-0-cib.jpg,https://cbu01.alicdn.com/img/ibank/O1CN014GzUuz2B3D4RS1BL8_!!2212381328282-0-cib.jpg "" ","https://yourwebsite.com/products/646094","in stock","new","shirts"
"646648","Custom Embroidered Summer Polo Shirts for Men and Women","Premium Custom Embroidered Summer Polo Shirts for Men and Women available at best price.","3724 PKR","https://cbu01.alicdn.com/img/ibank/O1CN01tMjWtt28SRx3lTYGP_!!2213256647931-0-cib.jpg"," "" https://cbu01.alicdn.com/img/ibank/O1CN018XZlg628SRxDNj4Cw_!!2213256647931-0-cib.jpg,https://cbu01.alicdn.com/img/ibank/O1CN01b4TiPB28SRx2BAozd_!!2213256647931-0-cib.jpg,https://cbu01.alicdn.com/img/ibank/O1CN01Y0PIc628SRx4SNp74_!!2213256647931-0-cib.jpg,https://cbu01.alicdn.com/img/ibank/O1CN01FBFuh328SRwxJllRn_!!2213256647931-0-cib.jpg "" ","https://yourwebsite.com/products/646648","in stock","new","shirts"
"656535","Men's Loose Plus Size Spring Business Shirts Stack of 6 Colors","Premium Men's Loose Plus Size Spring Business Shirts Stack of 6 Colors available at best price.","4214 PKR","https://cbu01.alicdn.com/img/ibank/2017/550/830/4462038055_717376338.jpg"," "" https://cbu01.alicdn.com/img/ibank/2017/627/514/4405415726_717376338.jpg,https://cbu01.alicdn.com/img/ibank/2017/005/611/4298116500_717376338.jpg,https://cbu01.alicdn.com/img/ibank/2017/390/294/4260492093_717376338.jpg,https://cbu01.alicdn.com/img/ibank/2017/035/381/4256183530_717376338.jpg "" ","https://yourwebsite.com/products/656535","in stock","new","shirts"
"649833","Custom Summer Polo Shirts for Men Women Team Uniforms","Premium Custom Summer Polo Shirts for Men Women Team Uniforms available at best price.","2744 PKR","https://cbu01.alicdn.com/img/ibank/O1CN01Ryu46L2LQhWqDIojy_!!2211303759687-0-cib.jpg"," "" https://cbu01.alicdn.com/img/ibank/O1CN01BnIgRT2LQhWqDJQAM_!!2211303759687-0-cib.jpg,https://cbu01.alicdn.com/img/ibank/O1CN0101KhDI2LQhWuup4eQ_!!2211303759687-0-cib.jpg,https://cbu01.alicdn.com/img/ibank/O1CN015In99O2LQhX0IxYLz_!!2211303759687-0-cib.jpg,https://cbu01.alicdn.com/img/ibank/O1CN017yzXft2LQhX1jWLd4_!!2211303759687-0-cib.jpg "" ","https://yourwebsite.com/products/649833","in stock","new","shirts"
"657488","Plus Size Striped Business Shirts Men Short Sleeve","Premium Plus Size Striped Business Shirts Men Short Sleeve available at best price.","3864 PKR","https://cbu01.alicdn.com/img/ibank/10971080238_412879090.jpg"," "" https://cbu01.alicdn.com/img/ibank/10912068326_412879090.jpg,https://cbu01.alicdn.com/img/ibank/10912044802_412879090.jpg,https://cbu01.alicdn.com/img/ibank/10942306415_412879090.jpg,https://cbu01.alicdn.com/img/ibank/11067241240_412879090.jpg "" ","https://yourwebsite.com/products/657488","in stock","new","shirts"
"637586","Men Silk Long Sleeve Shirts Casual Business Wear Multi Color","Premium Men Silk Long Sleeve Shirts Casual Business Wear Multi Color available at best price.","3724 PKR","https://cbu01.alicdn.com/img/ibank/O1CN01tpVYGb1MysLLXrOht_!!2908521504-0-cib.jpg"," "" https://cbu01.alicdn.com/img/ibank/O1CN01EtCaQX1MysLGohR4K_!!2908521504-0-cib.jpg,https://cbu01.alicdn.com/img/ibank/O1CN01xu3LcG1MysLSWKV7t_!!2908521504-0-cib.jpg,https://cbu01.alicdn.com/img/ibank/O1CN01YrkRXy1MysLPNsPxJ_!!2908521504-0-cib.jpg,https://cbu01.alicdn.com/img/ibank/O1CN01pbCgK51MysLTvrqzG_!!2908521504-0-cib.jpg "" ","https://yourwebsite.com/products/637586","in stock","new","shirts"
"659277","Men's Loose Plus Size Spring Business Shirts Stack of 6 Colors","Premium Men's Loose Plus Size Spring Business Shirts Stack of 6 Colors available at best price.","4214 PKR","https://cbu01.alicdn.com/img/ibank/2017/550/830/4462038055_717376338.jpg"," "" https://cbu01.alicdn.com/img/ibank/2017/627/514/4405415726_717376338.jpg,https://cbu01.alicdn.com/img/ibank/2017/005/611/4298116500_717376338.jpg,https://cbu01.alicdn.com/img/ibank/2017/390/294/4260492093_717376338.jpg,https://cbu01.alicdn.com/img/ibank/2017/035/381/4256183530_717376338.jpg "" ","https://yourwebsite.com/products/659277","in stock","new","shirts"
"649834","Custom Men Women Blue Polo Shirts with Logo","Premium Custom Men Women Blue Polo Shirts with Logo available at best price.","3794 PKR","https://cbu01.alicdn.com/img/ibank/O1CN015rt7PF2CyI8If5Q0l_!!2207968138542-0-cib.jpg"," "" https://cbu01.alicdn.com/img/ibank/O1CN01z6zKhg2CyI8FEeQHT_!!2207968138542-0-cib.jpg,https://cbu01.alicdn.com/img/ibank/O1CN01huEoFu2CyI8JQTcvj_!!2207968138542-0-cib.jpg,https://cbu01.alicdn.com/img/ibank/O1CN01UK45rn2CyI8II5XtU_!!2207968138542-0-cib.jpg,https://cbu01.alicdn.com/img/ibank/O1CN01xLn1ta1Bs2wIwqZTT_!!0-0-cib.jpg "" ","https://yourwebsite.com/products/649834","in stock","new","shirts"
"649845","Men's Long Sleeve Casual Loose Fit Shirts Autumn Fall","Premium Men's Long Sleeve Casual Loose Fit Shirts Autumn Fall available at best price.","5206 PKR","https://cbu01.alicdn.com/img/ibank/O1CN01mNEg2p1JBSz494TeC_!!3525040990-0-cib.jpg"," "" https://cbu01.alicdn.com/img/ibank/O1CN01xb4lmY1JBSz2zBLqh_!!3525040990-0-cib.jpg,https://cbu01.alicdn.com/img/ibank/O1CN01SwkUnb1JBSz372DHb_!!3525040990-0-cib.jpg,https://cbu01.alicdn.com/img/ibank/O1CN01dWzxeS1JBSz9TOaap_!!3525040990-0-cib.jpg "" ","https://yourwebsite.com/products/649845","in stock","new","shirts"
"646627","Custom Men's Polo Shirts Red Blue Summer Work Wear","Premium Custom Men's Polo Shirts Red Blue Summer Work Wear available at best price.","3304 PKR","https://cbu01.alicdn.com/img/ibank/O1CN01q1H31l1igTzQt0lzP_!!3966714442-0-cib.jpg"," "" https://cbu01.alicdn.com/img/ibank/O1CN01aOg3l81igTzVf4DAx_!!3966714442-0-cib.jpg,https://cbu01.alicdn.com/img/ibank/O1CN018RSW5T1igTzNAHIUc_!!3966714442-0-cib.jpg,https://cbu01.alicdn.com/img/ibank/O1CN01JXgU5i1igTzIQS2hg_!!3966714442-0-cib.jpg,https://cbu01.alicdn.com/img/ibank/O1CN0170kcRM1igTzTSQVtn_!!3966714442-0-cib.jpg "" ","https://yourwebsite.com/products/646627","in stock","new","shirts"
"649909","Men Loose Fit Cotton Plaid Long Sleeve Shirts","Premium Men Loose Fit Cotton Plaid Long Sleeve Shirts available at best price.","6984 PKR","https://cbu01.alicdn.com/img/ibank/O1CN01ojkdEb1HiKH24gg80_!!1004610791-0-cib.jpg"," "" https://cbu01.alicdn.com/img/ibank/O1CN01hNmMd71HiKH6j4U2i_!!1004610791-0-cib.jpg,https://cbu01.alicdn.com/img/ibank/O1CN01SgQaQf1HiKH24ZMR3_!!1004610791-0-cib.jpg,https://cbu01.alicdn.com/img/ibank/O1CN01wZdrPL1HiKH5wSTpa_!!1004610791-0-cib.jpg,https://cbu01.alicdn.com/img/ibank/O1CN01gXJ4Fr1HiKH24dj1B_!!1004610791-0-cib.jpg "" ","https://yourwebsite.com/products/649909","in stock","new","shirts"
"649844","Men's Long Sleeve Casual Loose Fit Shirts Autumn White Khaki","Premium Men's Long Sleeve Casual Loose Fit Shirts Autumn White Khaki available at best price.","5452 PKR","https://cbu01.alicdn.com/img/ibank/O1CN01mNEg2p1JBSz494TeC_!!3525040990-0-cib.jpg"," "" https://cbu01.alicdn.com/img/ibank/O1CN01xb4lmY1JBSz2zBLqh_!!3525040990-0-cib.jpg,https://cbu01.alicdn.com/img/ibank/O1CN01SwkUnb1JBSz372DHb_!!3525040990-0-cib.jpg,https://cbu01.alicdn.com/img/ibank/O1CN01dWzxeS1JBSz9TOaap_!!3525040990-0-cib.jpg "" ","https://yourwebsite.com/products/649844","in stock","new","shirts"
"658782","Women Summer Plaid Slim Fit Shirts Wholesale","Premium Women Summer Plaid Slim Fit Shirts Wholesale available at best price.","4116 PKR","https://cbu01.alicdn.com/img/ibank/8777411015_1966806673.jpg"," "" https://cbu01.alicdn.com/img/ibank/8777342827_1966806673.jpg,https://cbu01.alicdn.com/img/ibank/8777354660_1966806673.jpg,https://cbu01.alicdn.com/img/ibank/8761129653_1966806673.jpg,https://cbu01.alicdn.com/img/ibank/O1CN01NWzvmH1jRf42BWth3_!!3882634545-0-cib.jpg "" ","https://yourwebsite.com/products/658782","in stock","new","shirts"
"649836","Custom Men Women Blue Polo Shirts with Logo","Premium Custom Men Women Blue Polo Shirts with Logo available at best price.","3724 PKR","https://cbu01.alicdn.com/img/ibank/O1CN015rt7PF2CyI8If5Q0l_!!2207968138542-0-cib.jpg"," "" https://cbu01.alicdn.com/img/ibank/O1CN01z6zKhg2CyI8FEeQHT_!!2207968138542-0-cib.jpg,https://cbu01.alicdn.com/img/ibank/O1CN01huEoFu2CyI8JQTcvj_!!2207968138542-0-cib.jpg,https://cbu01.alicdn.com/img/ibank/O1CN01UK45rn2CyI8II5XtU_!!2207968138542-0-cib.jpg,https://cbu01.alicdn.com/img/ibank/O1CN01xLn1ta1Bs2wIwqZTT_!!0-0-cib.jpg "" ","https://yourwebsite.com/products/649836","in stock","new","shirts"
"649835","Custom Men Women Polo Shirts with Logo Print","Premium Custom Men Women Polo Shirts with Logo Print available at best price.","3444 PKR","https://cbu01.alicdn.com/img/ibank/O1CN015rt7PF2CyI8If5Q0l_!!2207968138542-0-cib.jpg"," "" https://cbu01.alicdn.com/img/ibank/O1CN01z6zKhg2CyI8FEeQHT_!!2207968138542-0-cib.jpg,https://cbu01.alicdn.com/img/ibank/O1CN01huEoFu2CyI8JQTcvj_!!2207968138542-0-cib.jpg,https://cbu01.alicdn.com/img/ibank/O1CN01UK45rn2CyI8II5XtU_!!2207968138542-0-cib.jpg,https://cbu01.alicdn.com/img/ibank/O1CN01xLn1ta1Bs2wIwqZTT_!!0-0-cib.jpg "" ","https://yourwebsite.com/products/649835","in stock","new","shirts"
"656537","Men Slim Fit Cotton Business Shirts Multi Colors","Premium Men Slim Fit Cotton Business Shirts Multi Colors available at best price.","4479 PKR","https://cbu01.alicdn.com/img/ibank/11843440119_2104057830.jpg"," "" https://cbu01.alicdn.com/img/ibank/8825973814_2104057830.jpg,https://cbu01.alicdn.com/img/ibank/O1CN01OPOI6Q1EyPJ6yHE2S_!!3025920420-0-cib.jpg,https://cbu01.alicdn.com/img/ibank/8785252997_2104057830.jpg,https://cbu01.alicdn.com/img/ibank/11174536713_2104057830.jpg "" ","https://yourwebsite.com/products/656537","in stock","new","shirts"
"659279","Men Slim Fit Cotton Business Shirts Multi Colors","Premium Men Slim Fit Cotton Business Shirts Multi Colors available at best price.","4479 PKR","https://cbu01.alicdn.com/img/ibank/11843440119_2104057830.jpg"," "" https://cbu01.alicdn.com/img/ibank/8825973814_2104057830.jpg,https://cbu01.alicdn.com/img/ibank/O1CN01OPOI6Q1EyPJ6yHE2S_!!3025920420-0-cib.jpg,https://cbu01.alicdn.com/img/ibank/8785252997_2104057830.jpg,https://cbu01.alicdn.com/img/ibank/11174536713_2104057830.jpg "" ","https://yourwebsite.com/products/659279","in stock","new","shirts"
"659292","Men Women White Long Sleeve Business Shirts with Logo","Premium Men Women White Long Sleeve Business Shirts with Logo available at best price.","4230 PKR","https://cbu01.alicdn.com/img/ibank/O1CN01Rmb1Yv1ZivjmB1PP8_!!3532373229-0-cib.jpg"," "" https://cbu01.alicdn.com/img/ibank/O1CN01j7ZirT1ZivjzTqsxC_!!3532373229-0-cib.jpg,https://cbu01.alicdn.com/img/ibank/O1CN01UDguQs1ZivphxVqjB_!!3532373229-0-cib.jpg,https://cbu01.alicdn.com/img/ibank/O1CN01f9uHUa1Zivjx58cKU_!!3532373229-0-cib.jpg,https://cbu01.alicdn.com/img/ibank/O1CN01fStRO41Bs2pdL3ZYl_!!0-0-cib.jpg "" ","https://yourwebsite.com/products/659292","in stock","new","shirts"
"653683","Autumn Plaid Kids Shirts Long Sleeve Retro Checkered","Premium Autumn Plaid Kids Shirts Long Sleeve Retro Checkered available at best price.","2030 PKR","https://cbu01.alicdn.com/img/ibank/O1CN01TB9P8C1bcdj7db97q_!!2219491903486-0-cib.jpg"," "" https://cbu01.alicdn.com/img/ibank/O1CN016ZI4lR1bcdj69lJXp_!!2219491903486-0-cib.jpg,https://cbu01.alicdn.com/img/ibank/O1CN01GEhTAV1bcdj6Lma9y_!!2219491903486-0-cib.jpg,https://cbu01.alicdn.com/img/ibank/O1CN01GNquMp1bcdj6CHsuC_!!2219491903486-0-cib.jpg,https://cbu01.alicdn.com/img/ibank/O1CN01loK9AB1bcdj7atuUE_!!2219491903486-0-cib.jpg "" ","https://yourwebsite.com/products/653683","in stock","new","shirts"
"653718","Kids Brushed Half-Collar Shirts 6 Colors Autumn Spring","Premium Kids Brushed Half-Collar Shirts 6 Colors Autumn Spring available at best price.","1983 PKR","https://cbu01.alicdn.com/img/ibank/O1CN01BjGYjJ1yry8kiChIh_!!2218881436633-0-cib.jpg"," "" https://cbu01.alicdn.com/img/ibank/O1CN01SJo7Ym1yry8lavLV6_!!2218881436633-0-cib.jpg,https://cbu01.alicdn.com/img/ibank/O1CN01xPkeuS1yry8lauPKM_!!2218881436633-0-cib.jpg,https://cbu01.alicdn.com/img/ibank/O1CN01EEBJt11yry8mY5Naa_!!2218881436633-0-cib.jpg,https://cbu01.alicdn.com/img/ibank/O1CN01O2EqW91yry8k8Bs4k_!!2218881436633-0-cib.jpg "" ","https://yourwebsite.com/products/653718","in stock","new","shirts"
"653682","Autumn Plaid Kids Shirts Long Sleeve Retro Checkered","Premium Autumn Plaid Kids Shirts Long Sleeve Retro Checkered available at best price.","1932 PKR","https://cbu01.alicdn.com/img/ibank/O1CN01TB9P8C1bcdj7db97q_!!2219491903486-0-cib.jpg"," "" https://cbu01.alicdn.com/img/ibank/O1CN016ZI4lR1bcdj69lJXp_!!2219491903486-0-cib.jpg,https://cbu01.alicdn.com/img/ibank/O1CN01GEhTAV1bcdj6Lma9y_!!2219491903486-0-cib.jpg,https://cbu01.alicdn.com/img/ibank/O1CN01GNquMp1bcdj6CHsuC_!!2219491903486-0-cib.jpg,https://cbu01.alicdn.com/img/ibank/O1CN01loK9AB1bcdj7atuUE_!!2219491903486-0-cib.jpg "" ","https://yourwebsite.com/products/653682","in stock","new","shirts"
"653681","Autumn Plaid Kids Shirts Long Sleeve Retro Checkered","Premium Autumn Plaid Kids Shirts Long Sleeve Retro Checkered available at best price.","1890 PKR","https://cbu01.alicdn.com/img/ibank/O1CN01TB9P8C1bcdj7db97q_!!2219491903486-0-cib.jpg"," "" https://cbu01.alicdn.com/img/ibank/O1CN016ZI4lR1bcdj69lJXp_!!2219491903486-0-cib.jpg,https://cbu01.alicdn.com/img/ibank/O1CN01GEhTAV1bcdj6Lma9y_!!2219491903486-0-cib.jpg,https://cbu01.alicdn.com/img/ibank/O1CN01GNquMp1bcdj6CHsuC_!!2219491903486-0-cib.jpg,https://cbu01.alicdn.com/img/ibank/O1CN01loK9AB1bcdj7atuUE_!!2219491903486-0-cib.jpg "" ","https://yourwebsite.com/products/653681","in stock","new","shirts"
"659236","Men Striped Casual Slim Fit Long Sleeve Shirts","Premium Men Striped Casual Slim Fit Long Sleeve Shirts available at best price.","3026 PKR","https://cbu01.alicdn.com/img/ibank/10183536128_163677167.jpg"," "" https://cbu01.alicdn.com/img/ibank/10183494690_163677167.jpg,https://cbu01.alicdn.com/img/ibank/10183497589_163677167.jpg,https://cbu01.alicdn.com/img/ibank/10211095260_163677167.jpg,https://cbu01.alicdn.com/img/ibank/10183548031_163677167.jpg "" ","https://yourwebsite.com/products/659236","in stock","new","shirts"
"653680","Autumn Plaid Kids Shirts Long Sleeve Retro Checkered","Premium Autumn Plaid Kids Shirts Long Sleeve Retro Checkered available at best price.","1820 PKR","https://cbu01.alicdn.com/img/ibank/O1CN01TB9P8C1bcdj7db97q_!!2219491903486-0-cib.jpg"," "" https://cbu01.alicdn.com/img/ibank/O1CN016ZI4lR1bcdj69lJXp_!!2219491903486-0-cib.jpg,https://cbu01.alicdn.com/img/ibank/O1CN01GEhTAV1bcdj6Lma9y_!!2219491903486-0-cib.jpg,https://cbu01.alicdn.com/img/ibank/O1CN01GNquMp1bcdj6CHsuC_!!2219491903486-0-cib.jpg,https://cbu01.alicdn.com/img/ibank/O1CN01loK9AB1bcdj7atuUE_!!2219491903486-0-cib.jpg "" ","https://yourwebsite.com/products/653680","in stock","new","shirts"
"653679","Autumn Plaid Kids Shirts Long Sleeve Retro Checkered","Premium Autumn Plaid Kids Shirts Long Sleeve Retro Checkered available at best price.","1750 PKR","https://cbu01.alicdn.com/img/ibank/O1CN01TB9P8C1bcdj7db97q_!!2219491903486-0-cib.jpg"," "" https://cbu01.alicdn.com/img/ibank/O1CN016ZI4lR1bcdj69lJXp_!!2219491903486-0-cib.jpg,https://cbu01.alicdn.com/img/ibank/O1CN01GEhTAV1bcdj6Lma9y_!!2219491903486-0-cib.jpg,https://cbu01.alicdn.com/img/ibank/O1CN01GNquMp1bcdj6CHsuC_!!2219491903486-0-cib.jpg,https://cbu01.alicdn.com/img/ibank/O1CN01loK9AB1bcdj7atuUE_!!2219491903486-0-cib.jpg "" ","https://yourwebsite.com/products/653679","in stock","new","shirts"
"653678","Autumn Plaid Kids Shirts Long Sleeve Retro Checkered","Premium Autumn Plaid Kids Shirts Long Sleeve Retro Checkered available at best price.","1652 PKR","https://cbu01.alicdn.com/img/ibank/O1CN01TB9P8C1bcdj7db97q_!!2219491903486-0-cib.jpg"," "" https://cbu01.alicdn.com/img/ibank/O1CN016ZI4lR1bcdj69lJXp_!!2219491903486-0-cib.jpg,https://cbu01.alicdn.com/img/ibank/O1CN01GEhTAV1bcdj6Lma9y_!!2219491903486-0-cib.jpg,https://cbu01.alicdn.com/img/ibank/O1CN01GNquMp1bcdj6CHsuC_!!2219491903486-0-cib.jpg,https://cbu01.alicdn.com/img/ibank/O1CN01loK9AB1bcdj7atuUE_!!2219491903486-0-cib.jpg "" ","https://yourwebsite.com/products/653678","in stock","new","shirts"
"649889","Custom High-End Polo Shirts for Men Women Logo Embroidery","Premium Custom High-End Polo Shirts for Men Women Logo Embroidery available at best price.","3236 PKR","https://cbu01.alicdn.com/img/ibank/O1CN01XRSpfQ1Jc27Fnqoa9_!!2212173801048-0-cib.jpg"," "" https://cbu01.alicdn.com/img/ibank/O1CN01SRrehR1Jc220KEIde_!!2212173801048-0-cib.jpg,https://cbu01.alicdn.com/img/ibank/O1CN01pmtntk1Jc225mRezd_!!2212173801048-0-cib.jpg,https://cbu01.alicdn.com/img/ibank/O1CN01z0JgLJ1Jc22694J2C_!!2212173801048-0-cib.jpg,https://cbu01.alicdn.com/img/ibank/O1CN01qovn3M1Jc229kOOfF_!!2212173801048-0-cib.jpg "" ","https://yourwebsite.com/products/649889","in stock","new","shirts"
"653677","Autumn Plaid Kids Shirts Long Sleeve Retro Girls Boys","Premium Autumn Plaid Kids Shirts Long Sleeve Retro Girls Boys available at best price.","1407 PKR","https://cbu01.alicdn.com/img/ibank/O1CN01TB9P8C1bcdj7db97q_!!2219491903486-0-cib.jpg"," "" https://cbu01.alicdn.com/img/ibank/O1CN016ZI4lR1bcdj69lJXp_!!2219491903486-0-cib.jpg,https://cbu01.alicdn.com/img/ibank/O1CN01GEhTAV1bcdj6Lma9y_!!2219491903486-0-cib.jpg,https://cbu01.alicdn.com/img/ibank/O1CN01GNquMp1bcdj6CHsuC_!!2219491903486-0-cib.jpg,https://cbu01.alicdn.com/img/ibank/O1CN01loK9AB1bcdj7atuUE_!!2219491903486-0-cib.jpg "" ","https://yourwebsite.com/products/653677","in stock","new","shirts"
"664425","Boys Long Sleeve Polka Dot Shirts Spring Fall Medium Large","Premium Boys Long Sleeve Polka Dot Shirts Spring Fall Medium Large available at best price.","4297 PKR","https://cbu01.alicdn.com/img/ibank/O1CN01jneTGr1KD87aMlyXm_!!2253251129-0-cib.jpg"," "" https://cbu01.alicdn.com/img/ibank/O1CN01uakQpT1KD87ansDmC_!!2253251129-0-cib.jpg,https://cbu01.alicdn.com/img/ibank/O1CN0198F0OX1KD87ZY0iL0_!!2253251129-0-cib.jpg,https://cbu01.alicdn.com/img/ibank/O1CN01xeTypx1KD87ZDWutQ_!!2253251129-0-cib.jpg,https://cbu01.alicdn.com/img/ibank/O1CN01e5njUk1KD87bxZXKM_!!2253251129-0-cib.jpg "" ","https://yourwebsite.com/products/664425","in stock","new","shirts"
"655873","Boys Long Sleeve Polka Dot Shirts Spring Fall Medium Large","Premium Boys Long Sleeve Polka Dot Shirts Spring Fall Medium Large available at best price.","4297 PKR","https://cbu01.alicdn.com/img/ibank/O1CN01jneTGr1KD87aMlyXm_!!2253251129-0-cib.jpg"," "" https://cbu01.alicdn.com/img/ibank/O1CN01uakQpT1KD87ansDmC_!!2253251129-0-cib.jpg,https://cbu01.alicdn.com/img/ibank/O1CN0198F0OX1KD87ZY0iL0_!!2253251129-0-cib.jpg,https://cbu01.alicdn.com/img/ibank/O1CN01xeTypx1KD87ZDWutQ_!!2253251129-0-cib.jpg,https://cbu01.alicdn.com/img/ibank/O1CN01e5njUk1KD87bxZXKM_!!2253251129-0-cib.jpg "" ","https://yourwebsite.com/products/655873","in stock","new","shirts"
"664426","Boys Long Sleeve Shirts 2025 Cotton Polka Dot Medium Large","Premium Boys Long Sleeve Shirts 2025 Cotton Polka Dot Medium Large available at best price.","4157 PKR","https://cbu01.alicdn.com/img/ibank/O1CN01jneTGr1KD87aMlyXm_!!2253251129-0-cib.jpg"," "" https://cbu01.alicdn.com/img/ibank/O1CN01uakQpT1KD87ansDmC_!!2253251129-0-cib.jpg,https://cbu01.alicdn.com/img/ibank/O1CN0198F0OX1KD87ZY0iL0_!!2253251129-0-cib.jpg,https://cbu01.alicdn.com/img/ibank/O1CN01xeTypx1KD87ZDWutQ_!!2253251129-0-cib.jpg,https://cbu01.alicdn.com/img/ibank/O1CN01e5njUk1KD87bxZXKM_!!2253251129-0-cib.jpg "" ","https://yourwebsite.com/products/664426","in stock","new","shirts"
"655874","Boys Long Sleeve Polka Dot Shirts Spring Fall Medium Large","Premium Boys Long Sleeve Polka Dot Shirts Spring Fall Medium Large available at best price.","4157 PKR","https://cbu01.alicdn.com/img/ibank/O1CN01jneTGr1KD87aMlyXm_!!2253251129-0-cib.jpg"," "" https://cbu01.alicdn.com/img/ibank/O1CN01uakQpT1KD87ansDmC_!!2253251129-0-cib.jpg,https://cbu01.alicdn.com/img/ibank/O1CN0198F0OX1KD87ZY0iL0_!!2253251129-0-cib.jpg,https://cbu01.alicdn.com/img/ibank/O1CN01xeTypx1KD87ZDWutQ_!!2253251129-0-cib.jpg,https://cbu01.alicdn.com/img/ibank/O1CN01e5njUk1KD87bxZXKM_!!2253251129-0-cib.jpg "" ","https://yourwebsite.com/products/655874","in stock","new","shirts"
"646647","Custom Red Polo Shirts for Men Women Summer Workwear with Free Embroidery","Premium Custom Red Polo Shirts for Men Women Summer Workwear with Free Embroidery available at best price.","3234 PKR","https://cbu01.alicdn.com/img/ibank/O1CN01h9bUqK28SRxBOhFkG_!!2213256647931-0-cib.jpg"," "" https://cbu01.alicdn.com/img/ibank/O1CN01tMZMJZ28SRwxLxRY1_!!2213256647931-0-cib.jpg,https://cbu01.alicdn.com/img/ibank/O1CN01TkPPLo28SRx2DQ3Yr_!!2213256647931-0-cib.jpg,https://cbu01.alicdn.com/img/ibank/O1CN01mwBYGL28SRxDPuCvW_!!2213256647931-0-cib.jpg,https://cbu01.alicdn.com/img/ibank/O1CN01Heinxm28SRxBOjKcU_!!2213256647931-0-cib.jpg "" ","https://yourwebsite.com/products/646647","in stock","new","shirts"
"646056","Men Printed Casual Short Sleeve Shirt Summer Loose Fit","Premium Men Printed Casual Short Sleeve Shirt Summer Loose Fit available at best price.","3934 PKR","https://cbu01.alicdn.com/img/ibank/O1CN01nzd3vB1J9Ar9AW1xx_!!2519760985-0-cib.jpg"," "" https://cbu01.alicdn.com/img/ibank/O1CN01FR2z0n1J9ArDykFX7_!!2519760985-0-cib.jpg,https://cbu01.alicdn.com/img/ibank/O1CN01LaP4qS1J9ArLiRThP_!!2519760985-0-cib.jpg,https://cbu01.alicdn.com/img/ibank/O1CN01IN4k801J9ArK5dzwt_!!2519760985-0-cib.jpg,https://cbu01.alicdn.com/img/ibank/O1CN01A7uKMA1J9ArIMnZUm_!!2519760985-0-cib.jpg "" ","https://yourwebsite.com/products/646056","in stock","new","shirts"
"646049","Men Slim Fit Long Sleeve Business Shirt White Plus Size","Premium Men Slim Fit Long Sleeve Business Shirt White Plus Size available at best price.","4367 PKR","https://static.markaz.app/pakistan/thumbnails/products/https://cbu01.alicdn.com/img/ibank/O1CN01fEI6oS1YRh4phUGCQ_!!2211569513056-0-cib.jpg"," "" https://static.markaz.app/pakistan/products/https://cbu01.alicdn.com/img/ibank/O1CN01fEI6oS1YRh4phUGCQ_!!2211569513056-0-cib.jpg,https://static.markaz.app/pakistan/products/https://cbu01.alicdn.com/img/ibank/O1CN011YKIdc1YRh4s7kEst_!!2211569513056-0-cib.jpg,https://static.markaz.app/pakistan/thumbnails/products/https://cbu01.alicdn.com/img/ibank/O1CN011YKIdc1YRh4s7kEst_!!2211569513056-0-cib.jpg,https://static.markaz.app/pakistan/products/https://cbu01.alicdn.com/img/ibank/O1CN01tzrH2p1YRh4s7k6Zz_!!2211569513056-0-cib.jpg,https://static.markaz.app/pakistan/thumbnails/products/https://cbu01.alicdn.com/img/ibank/O1CN01tzrH2p1YRh4s7k6Zz_!!2211569513056-0-cib.jpg "" ","https://yourwebsite.com/products/646049","in stock","new","shirts"
"659270","Men Slim Fit Striped Long Sleeve Shirt 4 Colors","Premium Men Slim Fit Striped Long Sleeve Shirt 4 Colors available at best price.","1960 PKR","https://cbu01.alicdn.com/img/ibank/2831494042_997523708.jpg"," "" https://cbu01.alicdn.com/img/ibank/4090739452_997523708.jpg,https://cbu01.alicdn.com/img/ibank/4090736512_997523708.jpg,https://cbu01.alicdn.com/img/ibank/4091068240_997523708.jpg,https://cbu01.alicdn.com/img/ibank/4091065342_997523708.jpg "" ","https://yourwebsite.com/products/659270","in stock","new","shirts"
"656544","Men's Candy Color Long Sleeve Shirt 17 Colors","Premium Men's Candy Color Long Sleeve Shirt 17 Colors available at best price.","1974 PKR","https://cbu01.alicdn.com/img/ibank/2017/588/733/4012337885_997523708.jpg"," "" https://cbu01.alicdn.com/img/ibank/2016/620/724/2754427026_997523708.jpg,https://cbu01.alicdn.com/img/ibank/2016/175/453/2757354571_997523708.jpg,https://cbu01.alicdn.com/img/ibank/2016/297/915/2756519792_997523708.jpg,https://cbu01.alicdn.com/img/ibank/2016/548/843/2757348845_997523708.jpg "" ","https://yourwebsite.com/products/656544","in stock","new","shirts"
"659291","Men's Candy Color Long Sleeve Shirt 17 Colors","Premium Men's Candy Color Long Sleeve Shirt 17 Colors available at best price.","1974 PKR","https://cbu01.alicdn.com/img/ibank/2017/588/733/4012337885_997523708.jpg"," "" https://cbu01.alicdn.com/img/ibank/2016/620/724/2754427026_997523708.jpg,https://cbu01.alicdn.com/img/ibank/2016/175/453/2757354571_997523708.jpg,https://cbu01.alicdn.com/img/ibank/2016/297/915/2756519792_997523708.jpg,https://cbu01.alicdn.com/img/ibank/2016/548/843/2757348845_997523708.jpg "" ","https://yourwebsite.com/products/659291","in stock","new","shirts"
"659231","Men Slim Fit Black Long Sleeve Shirt New","Premium Men Slim Fit Black Long Sleeve Shirt New available at best price.","1589 PKR","https://cbu01.alicdn.com/img/ibank/7939451769_1550440761.jpg"," "" https://cbu01.alicdn.com/img/ibank/7915743633_1550440761.jpg,https://cbu01.alicdn.com/img/ibank/7928287288_1550440761.jpg,https://cbu01.alicdn.com/img/ibank/7939496437_1550440761.jpg,https://cbu01.alicdn.com/img/ibank/9248806375_989297789.jpg "" ","https://yourwebsite.com/products/659231","in stock","new","shirts"
"656528","Men Slim Fit Striped Long Sleeve Shirt 4 Colors","Premium Men Slim Fit Striped Long Sleeve Shirt 4 Colors available at best price.","1960 PKR","https://cbu01.alicdn.com/img/ibank/2831494042_997523708.jpg"," "" https://cbu01.alicdn.com/img/ibank/4090739452_997523708.jpg,https://cbu01.alicdn.com/img/ibank/4090736512_997523708.jpg,https://cbu01.alicdn.com/img/ibank/4091068240_997523708.jpg,https://cbu01.alicdn.com/img/ibank/4091065342_997523708.jpg "" ","https://yourwebsite.com/products/656528","in stock","new","shirts"
"638355","Women Bamboo Fiber Short Sleeve Summer Shirt Ice Cool Breathable","Premium Women Bamboo Fiber Short Sleeve Summer Shirt Ice Cool Breathable available at best price.","6907 PKR","https://cbu01.alicdn.com/img/ibank/15339660430_310080625.jpg"," "" https://cbu01.alicdn.com/img/ibank/15339654524_310080625.jpg,https://cbu01.alicdn.com/img/ibank/15387217500_310080625.jpg,https://cbu01.alicdn.com/img/ibank/15339666291_310080625.jpg,https://cbu01.alicdn.com/img/ibank/15462826297_310080625.jpg "" ","https://yourwebsite.com/products/638355","in stock","new","shirts"
"656533","White Plus Size Men's Shirt 100-300lbs","Premium White Plus Size Men's Shirt 100-300lbs available at best price.","6132 PKR","https://cbu01.alicdn.com/img/ibank/11135217981_1474163583.jpg"," "" https://cbu01.alicdn.com/img/ibank/4306069695_1474163583.jpg,https://cbu01.alicdn.com/img/ibank/4309353708_1474163583.jpg,https://cbu01.alicdn.com/img/ibank/4306072564_1474163583.jpg,https://cbu01.alicdn.com/img/ibank/8861580337_1474163583.jpg "" ","https://yourwebsite.com/products/656533","in stock","new","shirts"
"656536","Men Loose Long Sleeve Casual Shirt Plus Size Black","Premium Men Loose Long Sleeve Casual Shirt Plus Size Black available at best price.","6071 PKR","https://cbu01.alicdn.com/img/ibank/2018/816/368/9197863618_1168756805.jpg"," "" https://cbu01.alicdn.com/img/ibank/2018/424/254/9216452424_1168756805.jpg,https://cbu01.alicdn.com/img/ibank/2018/711/488/9197884117_1168756805.jpg,https://cbu01.alicdn.com/img/ibank/2018/062/578/9197875260_1168756805.jpg,https://cbu01.alicdn.com/img/ibank/2018/105/854/9216458501_1168756805.jpg "" ","https://yourwebsite.com/products/656536","in stock","new","shirts"
"656543","Blue Oxford Shirt for Men, Ironing-Free, Durable, Spring Summer Wear","Premium Blue Oxford Shirt for Men, Ironing-Free, Durable, Spring Summer Wear available at best price.","5675 PKR","https://cbu01.alicdn.com/img/ibank/9001583591_1827114369.jpg"," "" https://cbu01.alicdn.com/img/ibank/13320122076_1827114369.jpg,https://cbu01.alicdn.com/img/ibank/8857649455_1827114369.jpg,https://cbu01.alicdn.com/img/ibank/8821416632_1827114369.jpg,https://cbu01.alicdn.com/img/ibank/8821461093_1827114369.jpg "" ","https://yourwebsite.com/products/656543","in stock","new","shirts"
"658783","Men Women Red Short Sleeve Professional Twill Shirt Summer Office Workwear","Premium Men Women Red Short Sleeve Professional Twill Shirt Summer Office Workwear available at best price.","4104 PKR","https://cbu01.alicdn.com/img/ibank/3919985633_97734532.jpg"," "" https://cbu01.alicdn.com/img/ibank/3919991203_97734532.jpg,https://cbu01.alicdn.com/img/ibank/3922878099_97734532.jpg,https://cbu01.alicdn.com/img/ibank/3920893648_97734532.jpg,https://cbu01.alicdn.com/img/ibank/O1CN01FVOitf2KANsPFhThy_!!984479516-0-cib.jpg "" ","https://yourwebsite.com/products/658783","in stock","new","shirts"
"649898","Men's White Polo Shirt Long Sleeve Plus Size","Premium Men's White Polo Shirt Long Sleeve Plus Size available at best price.","5721 PKR","https://cbu01.alicdn.com/img/ibank/O1CN01X66dE11OX3pbWk1lk_!!2647741714-0-cib.jpg"," "" https://cbu01.alicdn.com/img/ibank/O1CN01RzmDR61OX3pdYVIkZ_!!2647741714-0-cib.jpg,https://cbu01.alicdn.com/img/ibank/O1CN010Qc7az1OX3pdYUZ0c_!!2647741714-0-cib.jpg,https://cbu01.alicdn.com/img/ibank/O1CN01NefnO71OX3pajkKBx_!!2647741714-0-cib.jpg,https://cbu01.alicdn.com/img/ibank/O1CN01WkP3rN1OX3pZ5YIcu_!!2647741714-0-cib.jpg "" ","https://yourwebsite.com/products/649898","in stock","new","shirts"
"656531","Light Gray Men's Long Sleeve Button Down Shirt","Premium Light Gray Men's Long Sleeve Button Down Shirt available at best price.","5575 PKR","https://cbu01.alicdn.com/img/ibank/4260492093_717376338.jpg"," "" https://cbu01.alicdn.com/img/ibank/4256183530_717376338.jpg,https://cbu01.alicdn.com/img/ibank/4257736060_717376338.jpg,https://cbu01.alicdn.com/img/ibank/4256189489_717376338.jpg,https://cbu01.alicdn.com/img/ibank/O1CN0138WZAE1R1PIWkVYK4_!!1113412051-0-cib.jpg "" ","https://yourwebsite.com/products/656531","in stock","new","shirts"
"656532","Plus Size White Business Shirt Men 100-300kg","Premium Plus Size White Business Shirt Men 100-300kg available at best price.","5432 PKR","https://cbu01.alicdn.com/img/ibank/11135217981_1474163583.jpg"," "" https://cbu01.alicdn.com/img/ibank/4306069695_1474163583.jpg,https://cbu01.alicdn.com/img/ibank/4309353708_1474163583.jpg,https://cbu01.alicdn.com/img/ibank/4306072564_1474163583.jpg,https://cbu01.alicdn.com/img/ibank/8861580337_1474163583.jpg "" ","https://yourwebsite.com/products/656532","in stock","new","shirts"
"656529","Men Cotton Casual Shirt Washed Non-Iron Youth Multi Color","Premium Men Cotton Casual Shirt Washed Non-Iron Youth Multi Color available at best price.","5287 PKR","https://cbu01.alicdn.com/img/ibank/4145550414_510321974.jpg"," "" https://cbu01.alicdn.com/img/ibank/4140962834_510321974.jpg,https://cbu01.alicdn.com/img/ibank/4140965355_510321974.jpg,https://cbu01.alicdn.com/img/ibank/4142089354_510321974.jpg,https://cbu01.alicdn.com/img/ibank/4142083829_510321974.jpg "" ","https://yourwebsite.com/products/656529","in stock","new","shirts"
"646052","Men Long Sleeve Dragon Shirt White Autumn Casual","Premium Men Long Sleeve Dragon Shirt White Autumn Casual available at best price.","5635 PKR","https://cbu01.alicdn.com/img/ibank/O1CN01PzyiC01Yj68ezFIMW_!!3193163094-0-cib.jpg"," "" https://cbu01.alicdn.com/img/ibank/O1CN01VtDcjM1Yj68bb8BnD_!!3193163094-0-cib.jpg,https://cbu01.alicdn.com/img/ibank/O1CN01ICTKor1Yj68b24J1e_!!3193163094-0-cib.jpg,https://cbu01.alicdn.com/img/ibank/O1CN01BQ7nOV1Yj68ezFMXp_!!3193163094-0-cib.jpg,https://cbu01.alicdn.com/img/ibank/O1CN01lrt59W25XXoQmzi2x_!!6000000007536-0-cib.jpg "" ","https://yourwebsite.com/products/646052","in stock","new","shirts"
"649846","Plus Size Long Sleeve Shirt for Middle Aged Men Autumn White Casual Non Ironing","Premium Plus Size Long Sleeve Shirt for Middle Aged Men Autumn White Casual Non Ironing available at best price.","5274 PKR","https://cbu01.alicdn.com/img/ibank/O1CN01ypDOWp1JBSzK5eXSy_!!3525040990-0-cib.jpg"," "" https://cbu01.alicdn.com/img/ibank/O1CN016kjMkU1JBSzL5BrNY_!!3525040990-0-cib.jpg,https://cbu01.alicdn.com/img/ibank/O1CN01Hn3Ojf1JBSzPWYQOA_!!3525040990-0-cib.jpg,https://cbu01.alicdn.com/img/ibank/O1CN012bPAwN1JBTB2xhtz2_!!3525040990-0-cib.jpg,https://cbu01.alicdn.com/img/ibank/O1CN01VMLsKp1JBSzJzMYRI_!!3525040990-0-cib.jpg "" ","https://yourwebsite.com/products/649846","in stock","new","shirts"
"649850","Men's Long Sleeve Work Shirt Anti-Crinkle Cotton Blue White Pink Grey Navy","Premium Men's Long Sleeve Work Shirt Anti-Crinkle Cotton Blue White Pink Grey Navy available at best price.","5246 PKR","https://cbu01.alicdn.com/img/ibank/O1CN0179wdKr1JBT2d6A4Hr_!!3525040990-0-cib.jpg"," "" https://cbu01.alicdn.com/img/ibank/O1CN01hREnRs1JBT2Yl8IDr_!!3525040990-0-cib.jpg,https://cbu01.alicdn.com/img/ibank/O1CN018mxsIO1JBT2byijd7_!!3525040990-0-cib.jpg,https://cbu01.alicdn.com/img/ibank/O1CN01aVTRdb1JBT2bynlhp_!!3525040990-0-cib.jpg,https://cbu01.alicdn.com/img/ibank/O1CN01fDOiZe1JBT2a5rRPx_!!3525040990-0-cib.jpg "" ","https://yourwebsite.com/products/649850","in stock","new","shirts"
"637478","Premium Cotton Shirt Set for Men - Blue, White, Black","Premium Premium Cotton Shirt Set for Men - Blue, White, Black available at best price.","7285 PKR","https://cbu01.alicdn.com/img/ibank/4297316866_717376338.jpg"," "" https://cbu01.alicdn.com/img/ibank/4297247075_717376338.jpg,https://cbu01.alicdn.com/img/ibank/4299025193_717376338.jpg,https://cbu01.alicdn.com/img/ibank/4297259327_717376338.jpg,https://cbu01.alicdn.com/img/ibank/O1CN01SdJSAf1R1PHS3WkqB_!!1113412051-0-cib.jpg "" ","https://yourwebsite.com/products/637478","in stock","new","shirts"
"637541","Men Plaid Cotton Shirt Autumn 47 Colors","Premium Men Plaid Cotton Shirt Autumn 47 Colors available at best price.","6181 PKR","https://cbu01.alicdn.com/img/ibank/13825162042_310080625.jpg"," "" https://cbu01.alicdn.com/img/ibank/13787631663_310080625.jpg,https://cbu01.alicdn.com/img/ibank/13871336045_310080625.jpg,https://cbu01.alicdn.com/img/ibank/13871297924_310080625.jpg,https://cbu01.alicdn.com/img/ibank/13871318355_310080625.jpg "" ","https://yourwebsite.com/products/637541","in stock","new","shirts"
"658735","Women's Cotton Long Sleeve Business Shirt Gray Plus Size","Premium Women's Cotton Long Sleeve Business Shirt Gray Plus Size available at best price.","3891 PKR","https://cbu01.alicdn.com/img/ibank/12095250642_1749966666.jpg"," "" https://cbu01.alicdn.com/img/ibank/11729937592_1749966666.jpg,https://cbu01.alicdn.com/img/ibank/10447100736_1749966666.jpg,https://cbu01.alicdn.com/img/ibank/10447097800_1749966666.jpg,https://cbu01.alicdn.com/img/ibank/10421242412_1749966666.jpg "" ","https://yourwebsite.com/products/658735","in stock","new","shirts"
"649911","Men Blue Floral Print Long Sleeve Shirt Summer Casual Loose Fit","Premium Men Blue Floral Print Long Sleeve Shirt Summer Casual Loose Fit available at best price.","4748 PKR","https://cbu01.alicdn.com/img/ibank/O1CN01wV2iPL1Yj6PFWDc67_!!3193163094-0-cib.jpg"," "" https://cbu01.alicdn.com/img/ibank/O1CN01Hr9sMS1Yj6P82guuT_!!3193163094-0-cib.jpg,https://cbu01.alicdn.com/img/ibank/O1CN01PodKZT1Yj6PExEeE4_!!3193163094-0-cib.jpg,https://cbu01.alicdn.com/img/ibank/O1CN01i0kn0H1Yj6PDfip4Z_!!3193163094-0-cib.jpg,https://cbu01.alicdn.com/img/ibank/O1CN019TPBjH1Yj6PGpOluL_!!3193163094-0-cib.jpg "" ","https://yourwebsite.com/products/649911","in stock","new","shirts"
"649849","Men's Long Sleeve Non-Iron Work Shirt Blue White Pink Grey Navy","Premium Men's Long Sleeve Non-Iron Work Shirt Blue White Pink Grey Navy available at best price.","4553 PKR","https://cbu01.alicdn.com/img/ibank/O1CN0179wdKr1JBT2d6A4Hr_!!3525040990-0-cib.jpg"," "" https://cbu01.alicdn.com/img/ibank/O1CN01hREnRs1JBT2Yl8IDr_!!3525040990-0-cib.jpg,https://cbu01.alicdn.com/img/ibank/O1CN018mxsIO1JBT2byijd7_!!3525040990-0-cib.jpg,https://cbu01.alicdn.com/img/ibank/O1CN01aVTRdb1JBT2bynlhp_!!3525040990-0-cib.jpg,https://cbu01.alicdn.com/img/ibank/O1CN01fDOiZe1JBT2a5rRPx_!!3525040990-0-cib.jpg "" ","https://yourwebsite.com/products/649849","in stock","new","shirts"
"656534","Men Slim Fit White Cotton Business Shirt","Premium Men Slim Fit White Cotton Business Shirt available at best price.","4322 PKR","https://cbu01.alicdn.com/img/ibank/11118282955_2104057830.jpg"," "" https://cbu01.alicdn.com/img/ibank/10235603441_2104057830.jpg,https://cbu01.alicdn.com/img/ibank/8647583819_2104057830.jpg,https://cbu01.alicdn.com/img/ibank/8612886396_2104057830.jpg,https://cbu01.alicdn.com/img/ibank/O1CN01zsg5431EyPBAhBn7u_!!3025920420-0-cib.jpg "" ","https://yourwebsite.com/products/656534","in stock","new","shirts"
"646072","Men Ice Silk Short Sleeve Blue Professional Shirt","Premium Men Ice Silk Short Sleeve Blue Professional Shirt available at best price.","4452 PKR","https://cbu01.alicdn.com/img/ibank/O1CN01tXRi2l1ipBcNScBpU_!!959564461-0-cib.jpg"," "" https://cbu01.alicdn.com/img/ibank/O1CN01joi5yK1ipBcLh0Ek2_!!959564461-0-cib.jpg,https://cbu01.alicdn.com/img/ibank/O1CN015HRR1S1ipBcALD1CD_!!959564461-0-cib.jpg,https://cbu01.alicdn.com/img/ibank/O1CN01so01h11ipBcKc5X1w_!!959564461-0-cib.jpg,https://cbu01.alicdn.com/img/ibank/O1CN01JV8kDf1ipBcKc89BT_!!959564461-0-cib.jpg "" ","https://yourwebsite.com/products/646072","in stock","new","shirts"
"637517","Men's Cotton Oxford Casual Shirt Blue White Black Autumn","Premium Men's Cotton Oxford Casual Shirt Blue White Black Autumn available at best price.","4779 PKR","https://cbu01.alicdn.com/img/ibank/11142255130_1718504671.jpg"," "" https://cbu01.alicdn.com/img/ibank/O1CN01gVKas41MysQOLOeAP_!!2908521504-0-cib.jpg,https://cbu01.alicdn.com/img/ibank/11142261117_1718504671.jpg,https://cbu01.alicdn.com/img/ibank/11142231720_1718504671.jpg,https://cbu01.alicdn.com/img/ibank/11174113069_1718504671.jpg "" ","https://yourwebsite.com/products/637517","in stock","new","shirts"
"637454","Men Military Style Slim Fit Cotton Shirt Dark Green","Premium Men Military Style Slim Fit Cotton Shirt Dark Green available at best price.","4704 PKR","https://cbu01.alicdn.com/img/ibank/4575188741_197929072.jpg"," "" https://cbu01.alicdn.com/img/ibank/2385005262_197929072.jpg,https://cbu01.alicdn.com/img/ibank/4575194630_197929072.jpg,https://cbu01.alicdn.com/img/ibank/4576375966_197929072.jpg "" ","https://yourwebsite.com/products/637454","in stock","new","shirts"
"657489","Men Slim Fit Short Sleeve Shirt Light Blue","Premium Men Slim Fit Short Sleeve Shirt Light Blue available at best price.","3969 PKR","https://cbu01.alicdn.com/img/ibank/2128739412_197929072.jpg"," "" https://cbu01.alicdn.com/img/ibank/2131083600_197929072.jpg,https://cbu01.alicdn.com/img/ibank/2131083624_197929072.jpg "" ","https://yourwebsite.com/products/657489","in stock","new","shirts"
"637548","Men Plus Size Solid Green Short Sleeve Shirt Summer Cotton","Premium Men Plus Size Solid Green Short Sleeve Shirt Summer Cotton available at best price.","2534 PKR","https://cbu01.alicdn.com/img/ibank/2020/685/363/15486363586_1439133017.jpg"," "" https://cbu01.alicdn.com/img/ibank/2020/560/545/15594545065_1439133017.jpg,https://cbu01.alicdn.com/img/ibank/2020/820/845/15594548028_1439133017.jpg,https://cbu01.alicdn.com/img/ibank/2020/207/215/15594512702_1439133017.jpg,https://cbu01.alicdn.com/img/ibank/O1CN01FN6Icf1Bs2picJNqU_!!0-0-cib.jpg "" ","https://yourwebsite.com/products/637548","in stock","new","shirts"
"616688","Yellow Dhanak Printed Shirt for Men Medium Large","Premium Yellow Dhanak Printed Shirt for Men Medium Large available at best price.","1707 PKR","https://raw.githubusercontent.com/SehrishMughal/OnlineStore/main/images/prod_616688.jpg"," "" https://raw.githubusercontent.com/SehrishMughal/OnlineStore/main/images/prod_616688_alt_0.jpg "" ","https://yourwebsite.com/products/616688","in stock","new","shirts"
"662178","White V-Neck Mesh Sweater Men Slim Fit Autumn Winter","Premium White V-Neck Mesh Sweater Men Slim Fit Autumn Winter available at best price.","2898 PKR","https://cbu01.alicdn.com/img/ibank/2017/007/763/4686367700_1786182111.jpg"," "" https://cbu01.alicdn.com/img/ibank/2017/299/120/4689021992_1786182111.jpg,https://cbu01.alicdn.com/img/ibank/2017/770/193/4686391077_1786182111.jpg,https://cbu01.alicdn.com/img/ibank/2017/880/639/4685936088_1786182111.jpg,https://cbu01.alicdn.com/img/ibank/2017/424/673/4686376424_1786182111.jpg "" ","https://yourwebsite.com/products/662178","in stock","new","shirts"
"656567","Men Slim Fit Long Sleeve V-Neck T-Shirt Black","Premium Men Slim Fit Long Sleeve V-Neck T-Shirt Black available at best price.","1239 PKR","https://cbu01.alicdn.com/img/ibank/2017/137/797/3801797731_1484718065.jpg"," "" https://cbu01.alicdn.com/img/ibank/2016/789/627/3693726987_1484718065.jpg,https://cbu01.alicdn.com/img/ibank/2016/337/537/3693735733_1484718065.jpg,https://cbu01.alicdn.com/img/ibank/2016/897/927/3693729798_1484718065.jpg,https://cbu01.alicdn.com/img/ibank/2016/892/770/3692077298_1484718065.jpg "" ","https://yourwebsite.com/products/656567","in stock","new","shirts"
"650422","Men Summer Flower Silk Beach Suit Set","Premium Men Summer Flower Silk Beach Suit Set available at best price.","3059 PKR","https://cbu01.alicdn.com/img/ibank/O1CN01SBFmYO1qhPzcSokWi_!!2213133935527-0-cib.jpg"," "" https://cbu01.alicdn.com/img/ibank/O1CN01mdaQ0G1qhPzK5XMGX_!!2213133935527-0-cib.jpg,https://cbu01.alicdn.com/img/ibank/O1CN01p9uKsm1qhPzQgfWis_!!2213133935527-0-cib.jpg,https://cbu01.alicdn.com/img/ibank/O1CN01e1VmWt1qhPzN71pZg_!!2213133935527-0-cib.jpg,https://cbu01.alicdn.com/img/ibank/O1CN018Y56uM1qhPzakDkrr_!!2213133935527-0-cib.jpg "" ","https://yourwebsite.com/products/650422","in stock","new","shirts"
"649853","Men Plaid Shirt Pakistan Spring Warm Comfort","Premium Men Plaid Shirt Pakistan Spring Warm Comfort available at best price.","5838 PKR","https://cbu01.alicdn.com/img/ibank/O1CN01ZgmCor1RCr9a7dAHF_!!2214386352076-0-cib.jpg"," "" https://cbu01.alicdn.com/img/ibank/O1CN01pD6Mui1RCr9el7qLU_!!2214386352076-0-cib.jpg,https://cbu01.alicdn.com/img/ibank/O1CN01YrUabS1RCr9f0ICGx_!!2214386352076-0-cib.jpg,https://cbu01.alicdn.com/img/ibank/O1CN01bpnN961RCr9cTp36E_!!2214386352076-0-cib.jpg,https://cbu01.alicdn.com/img/ibank/O1CN01pbz42v1RCr9cQjBX8_!!2214386352076-0-cib.jpg "" ","https://yourwebsite.com/products/649853","in stock","new","shirts"
"646068","Men Solid Color Cotton Linen Shirt Black Summer","Premium Men Solid Color Cotton Linen Shirt Black Summer available at best price.","4928 PKR","https://cbu01.alicdn.com/img/ibank/O1CN01q2r4LW1zAHhlEjr6Z_!!2211365676673-0-cib.jpg"," "" https://cbu01.alicdn.com/img/ibank/O1CN01gUD8Ts1zAHhtuFvtU_!!2211365676673-0-cib.jpg,https://cbu01.alicdn.com/img/ibank/O1CN019sRZfJ1zAHho5oDWd_!!2211365676673-0-cib.jpg,https://cbu01.alicdn.com/img/ibank/O1CN0124X7D21zAHhrqnnxC_!!2211365676673-0-cib.jpg,https://cbu01.alicdn.com/img/ibank/O1CN01n7fzf11zAHht3N9bS_!!2211365676673-0-cib.jpg "" ","https://yourwebsite.com/products/646068","in stock","new","shirts"
"656530","Men Blue Plaid Short Sleeve Casual Shirt Plus Size","Premium Men Blue Plaid Short Sleeve Casual Shirt Plus Size available at best price.","4556 PKR","https://cbu01.alicdn.com/img/ibank/10942246320_412879090.jpg"," "" https://cbu01.alicdn.com/img/ibank/10911963790_412879090.jpg,https://cbu01.alicdn.com/img/ibank/10942240445_412879090.jpg,https://cbu01.alicdn.com/img/ibank/10970954761_412879090.jpg,https://cbu01.alicdn.com/img/ibank/10911984154_412879090.jpg "" ","https://yourwebsite.com/products/656530","in stock","new","shirts"
"649908","Men Sky Blue Cotton Button Down Shirt Summer Casual","Premium Men Sky Blue Cotton Button Down Shirt Summer Casual available at best price.","4406 PKR","https://cbu01.alicdn.com/img/ibank/O1CN01DN8IW72KK0FEHsbjw_!!2214467139537-0-cib.jpg"," "" https://cbu01.alicdn.com/img/ibank/O1CN01AOZ9sZ2KK0FDr4cKi_!!2214467139537-0-cib.jpg,https://cbu01.alicdn.com/img/ibank/O1CN01gU41yD2KK0FHGqruj_!!2214467139537-0-cib.jpg,https://cbu01.alicdn.com/img/ibank/O1CN01gzAY5b2KK0FAn7QN7_!!2214467139537-0-cib.jpg,https://cbu01.alicdn.com/img/ibank/O1CN01Y1R3ea2KK0FDUzgYs_!!2214467139537-0-cib.jpg "" ","https://yourwebsite.com/products/649908","in stock","new","shirts"
"637513","Men Summer Dragon Print Short Sleeve Shirt Black","Premium Men Summer Dragon Print Short Sleeve Shirt Black available at best price.","4228 PKR","https://cbu01.alicdn.com/img/ibank/11060246334_1689836621.jpg"," "" https://cbu01.alicdn.com/img/ibank/11000118396_1689836621.jpg,https://cbu01.alicdn.com/img/ibank/11000109576_1689836621.jpg,https://cbu01.alicdn.com/img/ibank/11060225983_1689836621.jpg,https://cbu01.alicdn.com/img/ibank/O1CN01sr6tuc1Yj6OXPaGHu_!!3193163094-0-cib.jpg "" ","https://yourwebsite.com/products/637513","in stock","new","shirts"
"656522","Men Military Style Short Sleeve Shirt Olive Green Plus Size","Premium Men Military Style Short Sleeve Shirt Olive Green Plus Size available at best price.","3934 PKR","https://cbu01.alicdn.com/img/ibank/2017/091/562/3845265190_1988696264.jpg"," "" https://cbu01.alicdn.com/img/ibank/2017/522/878/3842878225_1988696264.jpg,https://cbu01.alicdn.com/img/ibank/2017/457/431/4025134754_1988696264.jpg,https://cbu01.alicdn.com/img/ibank/2017/397/104/3843401793_1988696264.jpg,https://cbu01.alicdn.com/img/ibank/2019/227/453/11212354722_1988696264.jpg "" ","https://yourwebsite.com/products/656522","in stock","new","shirts"
"646095","Men Cotton Button Down Shirt White Plus Size Summer","Premium Men Cotton Button Down Shirt White Plus Size Summer available at best price.","3738 PKR","https://cbu01.alicdn.com/img/ibank/O1CN01lzb3lE2KK0KwPAMxX_!!2214467139537-0-cib.jpg"," "" https://cbu01.alicdn.com/img/ibank/O1CN01miCKOC2KK0Kur7SQs_!!2214467139537-0-cib.jpg,https://cbu01.alicdn.com/img/ibank/O1CN01RpxSVK2KK0KxaPpaF_!!2214467139537-0-cib.jpg,https://cbu01.alicdn.com/img/ibank/O1CN019ck5p52KK0KwP9EG5_!!2214467139537-0-cib.jpg,https://cbu01.alicdn.com/img/ibank/O1CN01nycb842KK0KwcBVKY_!!2214467139537-0-cib.jpg "" ","https://yourwebsite.com/products/646095","in stock","new","shirts"
"646079","Men Plaid Short Sleeve Shirt Red Black Grid Plus Size Spring","Premium Men Plaid Short Sleeve Shirt Red Black Grid Plus Size Spring available at best price.","3727 PKR","https://cbu01.alicdn.com/img/ibank/O1CN01lRNcuj25591Bh3YxF_!!3383507474-0-cib.jpg"," "" https://cbu01.alicdn.com/img/ibank/O1CN01F6Km8f25591AnhjtF_!!3383507474-0-cib.jpg,https://cbu01.alicdn.com/img/ibank/O1CN01KdrbPB25590tppfcw_!!3383507474-0-cib.jpg,https://cbu01.alicdn.com/img/ibank/O1CN01EGPhcg255910cUW1I_!!3383507474-0-cib.jpg,https://cbu01.alicdn.com/img/ibank/O1CN01B3i60L255915l9qbT_!!3383507474-0-cib.jpg "" ","https://yourwebsite.com/products/646079","in stock","new","shirts"
"646080","Men Plaid Short Sleeve Shirt Red Black Plus Size Spring","Premium Men Plaid Short Sleeve Shirt Red Black Plus Size Spring available at best price.","3727 PKR","https://cbu01.alicdn.com/img/ibank/O1CN01TzJRP625591AIctED_!!3383507474-0-cib.jpg"," "" https://cbu01.alicdn.com/img/ibank/O1CN01F6Km8f25591AnhjtF_!!3383507474-0-cib.jpg,https://cbu01.alicdn.com/img/ibank/O1CN019aluHj255915lbyfX_!!3383507474-0-cib.jpg,https://cbu01.alicdn.com/img/ibank/O1CN01FhvTqH255919xbu1p_!!3383507474-0-cib.jpg,https://cbu01.alicdn.com/img/ibank/O1CN01joVqgZ255918sKMw9_!!3383507474-0-cib.jpg "" ","https://yourwebsite.com/products/646080","in stock","new","shirts"
"659242","Men Plaid Long Sleeve Shirt Autumn Casual Blue Yellow","Premium Men Plaid Long Sleeve Shirt Autumn Casual Blue Yellow available at best price.","5222 PKR","https://cbu01.alicdn.com/img/ibank/O1CN01hJlZJ21IjzGnAyIS5_!!989560930-0-cib.jpg"," "" https://cbu01.alicdn.com/img/ibank/O1CN01Lxto7u1IjzGhB63rR_!!989560930-0-cib.jpg,https://cbu01.alicdn.com/img/ibank/O1CN010iPjDQ1IjzGtSDwWP_!!989560930-0-cib.jpg,https://cbu01.alicdn.com/img/ibank/O1CN01XEVBiQ1IjzGqkGZig_!!989560930-0-cib.jpg,https://cbu01.alicdn.com/img/ibank/O1CN01aTUrWZ1IjzGrE70Bo_!!989560930-0-cib.jpg "" ","https://yourwebsite.com/products/659242","in stock","new","shirts"
"659237","Men's Plaid Long Sleeve Casual Slim Fit Shirt Red Plus Size","Premium Men's Plaid Long Sleeve Casual Slim Fit Shirt Red Plus Size available at best price.","5082 PKR","https://cbu01.alicdn.com/img/ibank/10507091718_412879090.jpg"," "" https://cbu01.alicdn.com/img/ibank/10367047782_412879090.jpg,https://cbu01.alicdn.com/img/ibank/10367080382_412879090.jpg,https://cbu01.alicdn.com/img/ibank/10367056742_412879090.jpg,https://cbu01.alicdn.com/img/ibank/11097365370_412879090.jpg "" ","https://yourwebsite.com/products/659237","in stock","new","shirts"
"646074","Men Printed Long Sleeve Button Shirt Autumn Plus Size White","Premium Men Printed Long Sleeve Button Shirt Autumn Plus Size White available at best price.","3569 PKR","https://cbu01.alicdn.com/img/ibank/O1CN01HDM3Hq1v2ijPVKAmY_!!2214115926115-0-cib.jpg"," "" https://cbu01.alicdn.com/img/ibank/O1CN01oBN7BC1v2ijZNvxWb_!!2214115926115-0-cib.jpg,https://cbu01.alicdn.com/img/ibank/O1CN01WC2S6r1v2ijbQyZoD_!!2214115926115-0-cib.jpg,https://cbu01.alicdn.com/img/ibank/O1CN01gE3zOY1v2ijXVgTNx_!!2214115926115-0-cib.jpg,https://cbu01.alicdn.com/img/ibank/O1CN01DdDYLc1v2ijaZdjZv_!!2214115926115-0-cib.jpg "" ","https://yourwebsite.com/products/646074","in stock","new","shirts"
"659849","Men Long Sleeve Graphic T-Shirt Pink Korean Style New","Premium Men Long Sleeve Graphic T-Shirt Pink Korean Style New available at best price.","1811 PKR","https://static.markaz.app/pakistan/thumbnails/products/https://cbu01.alicdn.com/img/ibank/2018/593/373/9318373395_758571967.jpg"," "" https://static.markaz.app/pakistan/products/https://cbu01.alicdn.com/img/ibank/2018/593/373/9318373395_758571967.jpg,https://static.markaz.app/pakistan/products/https://cbu01.alicdn.com/img/ibank/2018/922/523/9318325229_758571967.jpg,https://static.markaz.app/pakistan/thumbnails/products/https://cbu01.alicdn.com/img/ibank/2018/922/523/9318325229_758571967.jpg,https://static.markaz.app/pakistan/products/https://cbu01.alicdn.com/img/ibank/2018/172/321/9294123271_758571967.jpg,https://static.markaz.app/pakistan/thumbnails/products/https://cbu01.alicdn.com/img/ibank/2018/172/321/9294123271_758571967.jpg "" ","https://yourwebsite.com/products/659849","in stock","new","shirts"
"659862","Men's Long Sleeve Fashion T-Shirt Autumn Casual Grey Black","Premium Men's Long Sleeve Fashion T-Shirt Autumn Casual Grey Black available at best price.","1638 PKR","https://cbu01.alicdn.com/img/ibank/2018/603/982/9656289306_758571967.jpg"," "" https://cbu01.alicdn.com/img/ibank/2018/755/153/9704351557_758571967.jpg,https://cbu01.alicdn.com/img/ibank/2018/191/592/9656295191_758571967.jpg,https://cbu01.alicdn.com/img/ibank/2018/240/624/9682426042_758571967.jpg,https://cbu01.alicdn.com/img/ibank/2018/173/382/9656283371_758571967.jpg "" ","https://yourwebsite.com/products/659862","in stock","new","shirts"
"659834","Men Striped Long Sleeve T-Shirt White Black Round Neck","Premium Men Striped Long Sleeve T-Shirt White Black Round Neck available at best price.","1624 PKR","https://cbu01.alicdn.com/img/ibank/2018/907/240/9332042709_758571967.jpg"," "" https://cbu01.alicdn.com/img/ibank/2018/037/688/9312886730_758571967.jpg,https://cbu01.alicdn.com/img/ibank/2018/052/576/9288675250_758571967.jpg,https://cbu01.alicdn.com/img/ibank/2018/764/150/9332051467_758571967.jpg,https://cbu01.alicdn.com/img/ibank/2018/032/660/9332066230_758571967.jpg "" ","https://yourwebsite.com/products/659834","in stock","new","shirts"
"649824","Men's Long Sleeve Striped V Neck Polo Shirt","Premium Men's Long Sleeve Striped V Neck Polo Shirt available at best price.","4773 PKR","https://cbu01.alicdn.com/img/ibank/O1CN01RpIyim1CsnGd9ufLT_!!2216089530137-0-cib.jpg"," "" https://cbu01.alicdn.com/img/ibank/O1CN01ID2ptE1CsnGZpPRD5_!!2216089530137-0-cib.jpg,https://cbu01.alicdn.com/img/ibank/O1CN015k4htr1CsnGc4r5On_!!2216089530137-0-cib.jpg,https://cbu01.alicdn.com/img/ibank/O1CN01kW4xVC1CsnGbxwhpu_!!2216089530137-0-cib.jpg,https://cbu01.alicdn.com/img/ibank/O1CN01K3uT3V1CsnGdX4PVx_!!2216089530137-0-cib.jpg "" ","https://yourwebsite.com/products/649824","in stock","new","shirts"
"657541","Men Black Long Sleeve Korean Collar T-Shirt Autumn","Premium Men Black Long Sleeve Korean Collar T-Shirt Autumn available at best price.","4508 PKR","https://cbu01.alicdn.com/img/ibank/1643091514_2141632575.jpg"," "" https://cbu01.alicdn.com/img/ibank/9195307569_2141632575.jpg,https://cbu01.alicdn.com/img/ibank/1640107505_2141632575.jpg,https://cbu01.alicdn.com/img/ibank/O1CN01ArSG1Z1Bs2eVrTEJ7_!!0-0-cib.jpg,https://cbu01.alicdn.com/img/ibank/O1CN01pcD1ET1Bs2eVrQkLR_!!0-0-cib.jpg "" ","https://yourwebsite.com/products/657541","in stock","new","shirts"
"656600","Men Cotton Stand Collar Long Sleeve T-Shirt Black","Premium Men Cotton Stand Collar Long Sleeve T-Shirt Black available at best price.","4508 PKR","https://cbu01.alicdn.com/img/ibank/7712506403_2141632575.jpg"," "" https://cbu01.alicdn.com/img/ibank/7712521094_2141632575.jpg,https://cbu01.alicdn.com/img/ibank/10460406875_2141632575.jpg,https://cbu01.alicdn.com/img/ibank/7700601083_2141632575.jpg,https://cbu01.alicdn.com/img/ibank/10460418770_2141632575.jpg "" ","https://yourwebsite.com/products/656600","in stock","new","shirts"
"649947","Men Slim Fit Long Sleeve Henley Shirt Green Pocket","Premium Men Slim Fit Long Sleeve Henley Shirt Green Pocket available at best price.","4426 PKR","https://cbu01.alicdn.com/img/ibank/O1CN01P1wHhO1NpYCr90HPN_!!2217775721619-0-cib.jpg"," "" https://cbu01.alicdn.com/img/ibank/O1CN01PdMdpy1NpYCrwS2YQ_!!2217775721619-0-cib.jpg,https://cbu01.alicdn.com/img/ibank/O1CN01yHZiZY1NpYCiA0FQj_!!2217775721619-0-cib.jpg,https://cbu01.alicdn.com/img/ibank/O1CN01eWqaFP1NpYCs8BFGf_!!2217775721619-0-cib.jpg,https://cbu01.alicdn.com/img/ibank/O1CN0181dBI71NpYCqcrimT_!!2217775721619-0-cib.jpg "" ","https://yourwebsite.com/products/649947","in stock","new","shirts"
"649866","Men Long Sleeve Polo Shirt Blue Quick-Dry Plus Size","Premium Men Long Sleeve Polo Shirt Blue Quick-Dry Plus Size available at best price.","4423 PKR","https://cbu01.alicdn.com/img/ibank/O1CN012nR4WG1hS06tfUiLb_!!2215701334275-0-cib.jpg"," "" https://cbu01.alicdn.com/img/ibank/O1CN01SMcOS21hS06miBltS_!!2215701334275-0-cib.jpg,https://cbu01.alicdn.com/img/ibank/O1CN01XMxq9M1hS06qmMBYo_!!2215701334275-0-cib.jpg,https://cbu01.alicdn.com/img/ibank/O1CN01NdgBfO1hS06pNUBPC_!!2215701334275-0-cib.jpg,https://cbu01.alicdn.com/img/ibank/O1CN01cqHXgy1hS07SlHRJO_!!2215701334275-0-cib.jpg "" ","https://yourwebsite.com/products/649866","in stock","new","shirts"
"646102","Men Long Sleeve Breathable Running T-Shirt Black Autumn","Premium Men Long Sleeve Breathable Running T-Shirt Black Autumn available at best price.","4486 PKR","https://cbu01.alicdn.com/img/ibank/O1CN01w7aYRt2G8ltUeUoyz_!!2214983558971-0-cib.jpg"," "" https://cbu01.alicdn.com/img/ibank/O1CN01NO6TdP2G8lte6i8Wx_!!2214983558971-0-cib.jpg,https://cbu01.alicdn.com/img/ibank/O1CN01fr8k012G8lte6jg6k_!!2214983558971-0-cib.jpg,https://cbu01.alicdn.com/img/ibank/O1CN01xwkwDE2G8ltPu2dKd_!!2214983558971-0-cib.jpg,https://cbu01.alicdn.com/img/ibank/O1CN01BQdHbd2G8ltZ0N0A8_!!2214983558971-0-cib.jpg "" ","https://yourwebsite.com/products/646102","in stock","new","shirts"
"657547","Men Slim Fit Cotton Long Sleeve T-Shirt Black Contrast Stitching","Premium Men Slim Fit Cotton Long Sleeve T-Shirt Black Contrast Stitching available at best price.","4228 PKR","https://cbu01.alicdn.com/img/ibank/1657132338_2141632575.jpg"," "" https://cbu01.alicdn.com/img/ibank/3587299620_2141632575.jpg,https://cbu01.alicdn.com/img/ibank/1990630160_2141632575.jpg,https://cbu01.alicdn.com/img/ibank/1992933125_2141632575.jpg,https://cbu01.alicdn.com/img/ibank/10384699573_2141632575.jpg "" ","https://yourwebsite.com/products/657547","in stock","new","shirts"
"662177","Men V-neck Black Knit Pullover Sweater Slim Fit","Premium Men V-neck Black Knit Pullover Sweater Slim Fit available at best price.","6466 PKR","https://cbu01.alicdn.com/img/ibank/4496213501_1434154769.jpg"," "" https://cbu01.alicdn.com/img/ibank/10831133134_1434154769.jpg,https://cbu01.alicdn.com/img/ibank/4496213344_1434154769.jpg,https://cbu01.alicdn.com/img/ibank/4496219180_1434154769.jpg,https://cbu01.alicdn.com/img/ibank/4461443181_1434154769.jpg "" ","https://yourwebsite.com/products/662177","in stock","new","shirts"
"625730","Men's Cotton Polo Shirt Blue Yellow Trim","Premium Men's Cotton Polo Shirt Blue Yellow Trim available at best price.","938 PKR","https://raw.githubusercontent.com/SehrishMughal/OnlineStore/main/images/prod_625730.jpeg"," "" https://raw.githubusercontent.com/SehrishMughal/OnlineStore/main/images/prod_625730_alt_0.jpeg,https://raw.githubusercontent.com/SehrishMughal/OnlineStore/main/images/prod_625730_alt_1.jpeg,https://raw.githubusercontent.com/SehrishMughal/OnlineStore/main/images/prod_625730_alt_2.jpeg,https://raw.githubusercontent.com/SehrishMughal/OnlineStore/main/images/prod_625730_alt_3.jpeg,https://raw.githubusercontent.com/SehrishMughal/OnlineStore/main/images/prod_625730_alt_4.jpeg "" ","https://yourwebsite.com/products/625730","in stock","new","shirts"
"659396","Men V-neck sweater black slim fit knit","Premium Men V-neck sweater black slim fit knit available at best price.","6466 PKR","https://cbu01.alicdn.com/img/ibank/4496213501_1434154769.jpg"," "" https://cbu01.alicdn.com/img/ibank/10831133134_1434154769.jpg,https://cbu01.alicdn.com/img/ibank/4496213344_1434154769.jpg,https://cbu01.alicdn.com/img/ibank/4496219180_1434154769.jpg,https://cbu01.alicdn.com/img/ibank/4461443181_1434154769.jpg "" ","https://yourwebsite.com/products/659396","in stock","new","shirts"
"656587","Men Long Sleeve Cotton Shirt Black Gray Autumn","Premium Men Long Sleeve Cotton Shirt Black Gray Autumn available at best price.","3989 PKR","https://cbu01.alicdn.com/img/ibank/2020/466/174/18123471664_1862909068.jpg"," "" https://cbu01.alicdn.com/img/ibank/2020/649/354/18123453946_1862909068.jpg,https://cbu01.alicdn.com/img/ibank/2020/986/084/18123480689_1862909068.jpg,https://cbu01.alicdn.com/img/ibank/2020/326/561/18184165623_1862909068.jpg,https://cbu01.alicdn.com/img/ibank/2019/922/085/12908580229_1862909068.jpg "" ","https://yourwebsite.com/products/656587","in stock","new","shirts"
"656547","Men V-neck Sweater Black Slim Fit Pakistan","Premium Men V-neck Sweater Black Slim Fit Pakistan available at best price.","6466 PKR","https://cbu01.alicdn.com/img/ibank/4496213501_1434154769.jpg"," "" https://cbu01.alicdn.com/img/ibank/10831133134_1434154769.jpg,https://cbu01.alicdn.com/img/ibank/4496213344_1434154769.jpg,https://cbu01.alicdn.com/img/ibank/4496219180_1434154769.jpg,https://cbu01.alicdn.com/img/ibank/4461443181_1434154769.jpg "" ","https://yourwebsite.com/products/656547","in stock","new","shirts"
"646653","Men Long Sleeve Knitted Pullover Sweater Brown","Premium Men Long Sleeve Knitted Pullover Sweater Brown available at best price.","6032 PKR","https://cbu01.alicdn.com/img/ibank/O1CN01XG6W6a1rGEAYiU9T0_!!2210935035603-0-cib.jpg"," "" https://cbu01.alicdn.com/img/ibank/O1CN01wl5rKr1rGEAcIBQE2_!!2210935035603-0-cib.jpg,https://cbu01.alicdn.com/img/ibank/O1CN01uly6NR1rGEATeh8bh_!!2210935035603-0-cib.jpg,https://cbu01.alicdn.com/img/ibank/O1CN01mCPmMX1rGEAa4BJgO_!!2210935035603-0-cib.jpg,https://cbu01.alicdn.com/img/ibank/O1CN01PHEz2F1rGEAY0L4rV_!!2210935035603-0-cib.jpg "" ","https://yourwebsite.com/products/646653","in stock","new","shirts"
"646066","Men Summer Short Sleeve Polo Shirt Red Casual Stretch","Premium Men Summer Short Sleeve Polo Shirt Red Casual Stretch available at best price.","2992 PKR","https://static.markaz.app/pakistan/thumbnails/products/https://cbu01.alicdn.com/img/ibank/O1CN010myZm81Hk9ufvazHv_!!2210144530795-0-cib.jpg"," "" https://static.markaz.app/pakistan/products/https://cbu01.alicdn.com/img/ibank/O1CN010myZm81Hk9ufvazHv_!!2210144530795-0-cib.jpg,https://static.markaz.app/pakistan/products/https://cbu01.alicdn.com/img/ibank/O1CN01bFbUGU1Hk9uZXmOTj_!!2210144530795-0-cib.jpg,https://static.markaz.app/pakistan/thumbnails/products/https://cbu01.alicdn.com/img/ibank/O1CN01bFbUGU1Hk9uZXmOTj_!!2210144530795-0-cib.jpg,https://static.markaz.app/pakistan/products/https://cbu01.alicdn.com/img/ibank/O1CN014BlOOL1Hk9ufjkGNn_!!2210144530795-0-cib.jpg,https://static.markaz.app/pakistan/thumbnails/products/https://cbu01.alicdn.com/img/ibank/O1CN014BlOOL1Hk9ufjkGNn_!!2210144530795-0-cib.jpg "" ","https://yourwebsite.com/products/646066","in stock","new","shirts"
"649827","Men Black Red Trim Polo Shirt Summer Stylish","Premium Men Black Red Trim Polo Shirt Summer Stylish available at best price.","2198 PKR","https://cbu01.alicdn.com/img/ibank/O1CN01rjqqDQ1V3177As0az_!!2216624362596-0-cib.jpg"," "" https://cbu01.alicdn.com/img/ibank/O1CN01T4PdY41V3175BdQgE_!!2216624362596-0-cib.jpg,https://cbu01.alicdn.com/img/ibank/O1CN01YpA9Yv1V3173Oi6ZX_!!2216624362596-0-cib.jpg,https://cbu01.alicdn.com/img/ibank/O1CN01yrtM2R1V317068aQu_!!2216624362596-0-cib.jpg,https://cbu01.alicdn.com/img/ibank/O1CN01S44OT11V3177vQWSI_!!2216624362596-0-cib.jpg "" ","https://yourwebsite.com/products/649827","in stock","new","shirts"
"649826","Men Red Polo Shirt Summer Stylish Short Sleeve","Premium Men Red Polo Shirt Summer Stylish Short Sleeve available at best price.","2184 PKR","https://cbu01.alicdn.com/img/ibank/O1CN010EsnS61V3178Zxljb_!!2216624362596-0-cib.jpg"," "" https://cbu01.alicdn.com/img/ibank/O1CN01vnYRIf1V3175CVk1r_!!2216624362596-0-cib.jpg,https://cbu01.alicdn.com/img/ibank/O1CN01q3IsxG1V31717yhSx_!!2216624362596-0-cib.jpg,https://cbu01.alicdn.com/img/ibank/O1CN01S63P5K1V3173T80EB_!!2216624362596-0-cib.jpg,https://cbu01.alicdn.com/img/ibank/O1CN01uOdU7z1V3174AnYCu_!!2216624362596-0-cib.jpg "" ","https://yourwebsite.com/products/649826","in stock","new","shirts"
"649896","Men Slim Fit Polo Shirt White Navy Trim","Premium Men Slim Fit Polo Shirt White Navy Trim available at best price.","2058 PKR","https://cbu01.alicdn.com/img/ibank/O1CN019LeILG1VhmP4jSx4v_!!2218057382685-0-cib.jpg"," "" https://cbu01.alicdn.com/img/ibank/O1CN01NabvXB1VhmOyWQef1_!!2218057382685-0-cib.jpg,https://cbu01.alicdn.com/img/ibank/O1CN01XSe7kJ1VhmP3FYVdu_!!2218057382685-0-cib.jpg,https://cbu01.alicdn.com/img/ibank/O1CN01P1RjrX1VhmP2Nr2aH_!!2218057382685-0-cib.jpg,https://cbu01.alicdn.com/img/ibank/O1CN01sD63Yr1VhmP3RKOfp_!!2218057382685-0-cib.jpg "" ","https://yourwebsite.com/products/649896","in stock","new","shirts"
"537961","Men's Black Slim Fit Cotton Polo Shirt 180GSM","Premium Men's Black Slim Fit Cotton Polo Shirt 180GSM available at best price.","980 PKR","https://raw.githubusercontent.com/SehrishMughal/OnlineStore/main/images/prod_537961.jpg"," "" https://raw.githubusercontent.com/SehrishMughal/OnlineStore/main/images/prod_537961_alt_0.jpg,https://raw.githubusercontent.com/SehrishMughal/OnlineStore/main/images/prod_537961_alt_1.jpg,https://raw.githubusercontent.com/SehrishMughal/OnlineStore/main/images/prod_537961_alt_2.jpg,https://raw.githubusercontent.com/SehrishMughal/OnlineStore/main/images/prod_537961_alt_3.jpg,https://raw.githubusercontent.com/SehrishMughal/OnlineStore/main/images/prod_537961_alt_4.jpg "" ","https://yourwebsite.com/products/537961","in stock","new","shirts"
"649892","Men Striped Polo Shirt Khaki Summer Casual Short Sleeve","Premium Men Striped Polo Shirt Khaki Summer Casual Short Sleeve available at best price.","3359 PKR","https://static.markaz.app/pakistan/thumbnails/products/https://cbu01.alicdn.com/img/ibank/O1CN01WH2x2C1Hk9plhTmHa_!!2210144530795-0-cib.jpg"," "" https://static.markaz.app/pakistan/products/https://cbu01.alicdn.com/img/ibank/O1CN01WH2x2C1Hk9plhTmHa_!!2210144530795-0-cib.jpg,https://static.markaz.app/pakistan/products/https://cbu01.alicdn.com/img/ibank/O1CN012hKYDW1Hk9pZvJnjd_!!2210144530795-0-cib.jpg,https://static.markaz.app/pakistan/thumbnails/products/https://cbu01.alicdn.com/img/ibank/O1CN012hKYDW1Hk9pZvJnjd_!!2210144530795-0-cib.jpg,https://static.markaz.app/pakistan/products/https://cbu01.alicdn.com/img/ibank/O1CN01UwAh301Hk9pfgsvOM_!!2210144530795-0-cib.jpg,https://static.markaz.app/pakistan/thumbnails/products/https://cbu01.alicdn.com/img/ibank/O1CN01UwAh301Hk9pfgsvOM_!!2210144530795-0-cib.jpg "" ","https://yourwebsite.com/products/649892","in stock","new","shirts"
"649977","Men Navy Polo Shirt with Embroidered Pony Logo","Premium Men Navy Polo Shirt with Embroidered Pony Logo available at best price.","3005 PKR","https://cbu01.alicdn.com/img/ibank/O1CN01Z8JyVu1ZzQ85wIcv4_!!2211488773265-0-cib.jpg"," "" https://cbu01.alicdn.com/img/ibank/O1CN01x6c3fg1ZzQ89hINQa_!!2211488773265-0-cib.jpg,https://cbu01.alicdn.com/img/ibank/O1CN01DY8dyT1ZzQ86wjoik_!!2211488773265-0-cib.jpg,https://cbu01.alicdn.com/img/ibank/O1CN01GsJEZy1ZzQ894Mcs8_!!2211488773265-0-cib.jpg,https://cbu01.alicdn.com/img/ibank/O1CN01oX7OrM1ZzQ89hIe4U_!!2211488773265-0-cib.jpg "" ","https://yourwebsite.com/products/649977","in stock","new","shirts"
"656515","Men's Grey Casual Polo Shirt Summer 2025","Premium Men's Grey Casual Polo Shirt Summer 2025 available at best price.","2744 PKR","https://cbu01.alicdn.com/img/ibank/O1CN01MsnTrn273tGaORoFb_!!2925257742-0-cib.jpg"," "" https://cbu01.alicdn.com/img/ibank/O1CN01jqo9h2273tMUCNwrZ_!!2925257742-0-cib.jpg,https://cbu01.alicdn.com/img/ibank/O1CN01xhee7U273tMTSerE8_!!2925257742-0-cib.jpg,https://cbu01.alicdn.com/img/ibank/O1CN01LWtLeE273tMUCLfVG_!!2925257742-0-cib.jpg,https://cbu01.alicdn.com/img/ibank/O1CN01J6u803273tMT8h9rN_!!2925257742-0-cib.jpg "" ","https://yourwebsite.com/products/656515","in stock","new","shirts"
"662156","Men Premium Cotton Polo & Shorts Set White Black","Premium Men Premium Cotton Polo & Shorts Set White Black available at best price.","2203 PKR","https://cbu01.alicdn.com/img/ibank/10375182939_797664292.jpg"," "" https://cbu01.alicdn.com/img/ibank/10428314416_797664292.jpg,https://cbu01.alicdn.com/img/ibank/10402144882_797664292.jpg,https://cbu01.alicdn.com/img/ibank/O1CN01IFpAJm1TfpXcrsY0W_!!2200576982410-0-cib.jpg,https://cbu01.alicdn.com/img/ibank/10402174438_797664292.jpg "" ","https://yourwebsite.com/products/662156","in stock","new","shirts"
"649832","Men Cotton Polo Shirt Short Sleeve Trendy Lapel Print","Premium Men Cotton Polo Shirt Short Sleeve Trendy Lapel Print available at best price.","4406 PKR","https://cbu01.alicdn.com/img/ibank/O1CN01XnItpa1sDJIIG4lPr_!!2217502105732-0-cib.jpg"," "" https://cbu01.alicdn.com/img/ibank/O1CN01a4Xlrl1sDJIHfMuMC_!!2217502105732-0-cib.jpg,https://cbu01.alicdn.com/img/ibank/O1CN01QGVPpB1sDJIKrYp9P_!!2217502105732-0-cib.jpg,https://cbu01.alicdn.com/img/ibank/O1CN01SD9KyQ1sDJIKrXsv4_!!2217502105732-0-cib.jpg,https://cbu01.alicdn.com/img/ibank/O1CN017Zciqe1sDJHpMYfUz_!!2217502105732-0-cib.jpg "" ","https://yourwebsite.com/products/649832","in stock","new","shirts"
"649888","Men Black Loose Fit Polo T-Shirt Summer Casual","Premium Men Black Loose Fit Polo T-Shirt Summer Casual available at best price.","3695 PKR","https://static.markaz.app/pakistan/thumbnails/products/https://cbu01.alicdn.com/img/ibank/O1CN01dXvO0S2AVmFmHXJsk_!!2215810808209-0-cib.jpg"," "" https://static.markaz.app/pakistan/products/https://cbu01.alicdn.com/img/ibank/O1CN01dXvO0S2AVmFmHXJsk_!!2215810808209-0-cib.jpg,https://static.markaz.app/pakistan/products/https://cbu01.alicdn.com/img/ibank/O1CN016y3WzB2AVmFmHVqP6_!!2215810808209-0-cib.jpg,https://static.markaz.app/pakistan/thumbnails/products/https://cbu01.alicdn.com/img/ibank/O1CN016y3WzB2AVmFmHVqP6_!!2215810808209-0-cib.jpg,https://static.markaz.app/pakistan/products/https://cbu01.alicdn.com/img/ibank/O1CN01YFw2W42AVmFoVm2WJ_!!2215810808209-0-cib.jpg,https://static.markaz.app/pakistan/thumbnails/products/https://cbu01.alicdn.com/img/ibank/O1CN01YFw2W42AVmFoVm2WJ_!!2215810808209-0-cib.jpg "" ","https://yourwebsite.com/products/649888","in stock","new","shirts"
"646083","Men Knitted Polo Shirt White Summer 2023","Premium Men Knitted Polo Shirt White Summer 2023 available at best price.","2884 PKR","https://cbu01.alicdn.com/img/ibank/O1CN01VTSVt32DJodyK2bJ6_!!2215411788589-0-cib.jpg"," "" https://cbu01.alicdn.com/img/ibank/O1CN01BYPVDE2DJoe0UZS6v_!!2215411788589-0-cib.jpg,https://cbu01.alicdn.com/img/ibank/O1CN015V36At2DJodxcDnxK_!!2215411788589-0-cib.jpg,https://cbu01.alicdn.com/img/ibank/O1CN01MEOupZ2DJoe0UY2oj_!!2215411788589-0-cib.jpg,https://cbu01.alicdn.com/img/ibank/O1CN01pHATkE1Bs2psmB6eZ_!!0-0-cib.jpg "" ","https://yourwebsite.com/products/646083","in stock","new","shirts"
"537960","Men Cotton Polo T-Shirt Black Slim Fit Casual Wear","Premium Men Cotton Polo T-Shirt Black Slim Fit Casual Wear available at best price.","980 PKR","https://raw.githubusercontent.com/SehrishMughal/OnlineStore/main/images/prod_537960.jpg"," "" https://raw.githubusercontent.com/SehrishMughal/OnlineStore/main/images/prod_537960_alt_0.jpg,https://raw.githubusercontent.com/SehrishMughal/OnlineStore/main/images/prod_537960_alt_1.jpg,https://raw.githubusercontent.com/SehrishMughal/OnlineStore/main/images/prod_537960_alt_2.jpg,https://raw.githubusercontent.com/SehrishMughal/OnlineStore/main/images/prod_537960_alt_3.jpg,https://raw.githubusercontent.com/SehrishMughal/OnlineStore/main/images/prod_537960_alt_4.jpg "" ","https://yourwebsite.com/products/537960","in stock","new","shirts"
"537963","Men Cotton Plain Polo T-Shirt 180GSM Pakistan","Premium Men Cotton Plain Polo T-Shirt 180GSM Pakistan available at best price.","913 PKR","https://raw.githubusercontent.com/SehrishMughal/OnlineStore/main/images/prod_537963.jpg"," "" https://raw.githubusercontent.com/SehrishMughal/OnlineStore/main/images/prod_537963_alt_0.jpg,https://raw.githubusercontent.com/SehrishMughal/OnlineStore/main/images/prod_537963_alt_1.jpg,https://raw.githubusercontent.com/SehrishMughal/OnlineStore/main/images/prod_537963_alt_2.jpg,https://raw.githubusercontent.com/SehrishMughal/OnlineStore/main/images/prod_537963_alt_3.jpg,https://raw.githubusercontent.com/SehrishMughal/OnlineStore/main/images/prod_537963_alt_4.jpg "" ","https://yourwebsite.com/products/537963","in stock","new","shirts"
"646082","Men Summer Polo Shirt White Short Sleeve Business Formal","Premium Men Summer Polo Shirt White Short Sleeve Business Formal available at best price.","2324 PKR","https://cbu01.alicdn.com/img/ibank/O1CN01EXqiCg1Hk9uwlAugH_!!2210144530795-0-cib.jpg"," "" https://cbu01.alicdn.com/img/ibank/O1CN01PIIBgj1Hk9uwMhnyS_!!2210144530795-0-cib.jpg,https://cbu01.alicdn.com/img/ibank/O1CN01cKkXF61Hk9utDwy2L_!!2210144530795-0-cib.jpg,https://cbu01.alicdn.com/img/ibank/O1CN01jsMBb21Hk9uoJHZ0i_!!2210144530795-0-cib.jpg,https://cbu01.alicdn.com/img/ibank/O1CN014MiMAz1Hk9uuesOg9_!!2210144530795-0-cib.jpg "" ","https://yourwebsite.com/products/646082","in stock","new","shirts"
"659201","Men's Grey Casual Polo Shirt Summer 2025","Premium Men's Grey Casual Polo Shirt Summer 2025 available at best price.","2744 PKR","https://cbu01.alicdn.com/img/ibank/O1CN01MsnTrn273tGaORoFb_!!2925257742-0-cib.jpg"," "" https://cbu01.alicdn.com/img/ibank/O1CN01jqo9h2273tMUCNwrZ_!!2925257742-0-cib.jpg,https://cbu01.alicdn.com/img/ibank/O1CN01xhee7U273tMTSerE8_!!2925257742-0-cib.jpg,https://cbu01.alicdn.com/img/ibank/O1CN01LWtLeE273tMUCLfVG_!!2925257742-0-cib.jpg,https://cbu01.alicdn.com/img/ibank/O1CN01J6u803273tMT8h9rN_!!2925257742-0-cib.jpg "" ","https://yourwebsite.com/products/659201","in stock","new","shirts"
"649897","Men Navy Knitted Polo Shirt Loose Fit Autumn","Premium Men Navy Knitted Polo Shirt Loose Fit Autumn available at best price.","4522 PKR","https://cbu01.alicdn.com/img/ibank/O1CN01ya9m1n1Ti7SwzqeI5_!!2217497702415-0-cib.jpg"," "" https://cbu01.alicdn.com/img/ibank/O1CN01lga9Gj1Ti7Swzq2sh_!!2217497702415-0-cib.jpg,https://cbu01.alicdn.com/img/ibank/O1CN01I9oGTB1Ti7SujNlKn_!!2217497702415-0-cib.jpg,https://cbu01.alicdn.com/img/ibank/O1CN01aLPdAW1Ti7SujNhBX_!!2217497702415-0-cib.jpg,https://cbu01.alicdn.com/img/ibank/O1CN01Us51PP1Ti7Sp1NmFS_!!2217497702415-0-cib.jpg "" ","https://yourwebsite.com/products/649897","in stock","new","shirts"
"569139","Men Cotton Polo Shirt Orange Gradient Fade","Premium Men Cotton Polo Shirt Orange Gradient Fade available at best price.","2618 PKR","https://raw.githubusercontent.com/SehrishMughal/OnlineStore/main/images/prod_569139.jpg"," "" https://raw.githubusercontent.com/SehrishMughal/OnlineStore/main/images/prod_569139_alt_0.jpg,https://raw.githubusercontent.com/SehrishMughal/OnlineStore/main/images/prod_569139_alt_1.jpg,https://raw.githubusercontent.com/SehrishMughal/OnlineStore/main/images/prod_569139_alt_2.jpg,https://raw.githubusercontent.com/SehrishMughal/OnlineStore/main/images/prod_569139_alt_3.jpg,https://raw.githubusercontent.com/SehrishMughal/OnlineStore/main/images/prod_569139_alt_4.jpg "" ","https://yourwebsite.com/products/569139","in stock","new","shirts"
"657532","Men's Loose Breathable Polo Shirt Lake Blue Plus Size","Premium Men's Loose Breathable Polo Shirt Lake Blue Plus Size available at best price.","5176 PKR","https://cbu01.alicdn.com/img/ibank/O1CN01BgJXZp1OTr9OvF6Re_!!2128841707-0-cib.jpg"," "" https://cbu01.alicdn.com/img/ibank/O1CN01dwQrfM1OTr9OWpk5P_!!2128841707-0-cib.jpg,https://cbu01.alicdn.com/img/ibank/O1CN01Got7Sz1OTr9PRRxH9_!!2128841707-0-cib.jpg,https://cbu01.alicdn.com/img/ibank/O1CN01O1EXI21OTr9PCREcF_!!2128841707-0-cib.jpg,https://cbu01.alicdn.com/img/ibank/O1CN014TtFad1OTr9NMazH2_!!2128841707-0-cib.jpg "" ","https://yourwebsite.com/products/657532","in stock","new","shirts"
"656519","Men Plus Size Loose Cotton Polo Shirt M-6XL","Premium Men Plus Size Loose Cotton Polo Shirt M-6XL available at best price.","5087 PKR","https://cbu01.alicdn.com/img/ibank/O1CN01pxloTA1EtN1qfk4yX_!!2888780409-0-cib.jpg"," "" https://cbu01.alicdn.com/img/ibank/O1CN01Wpz7bg1EtN1s9h5Gm_!!2888780409-0-cib.jpg,https://cbu01.alicdn.com/img/ibank/O1CN01JM4atA1EtN1qpw4sR_!!2888780409-0-cib.jpg,https://cbu01.alicdn.com/img/ibank/O1CN01XHfECW1EtN1qQFRaE_!!2888780409-0-cib.jpg,https://cbu01.alicdn.com/img/ibank/O1CN01NWOAva1EtMebPsPJf_!!2888780409-0-cib.jpg "" ","https://yourwebsite.com/products/656519","in stock","new","shirts"
"649839","Men White Cotton Polo Shirt Short Sleeve Summer Stylish","Premium Men White Cotton Polo Shirt Short Sleeve Summer Stylish available at best price.","4406 PKR","https://cbu01.alicdn.com/img/ibank/O1CN01t6JqxI1sDJH3gVK8L_!!2217502105732-0-cib.jpg"," "" https://cbu01.alicdn.com/img/ibank/O1CN01aIcMHZ1sDJBhe198c_!!2217502105732-0-cib.jpg,https://cbu01.alicdn.com/img/ibank/O1CN01JAk5or1sDJBhe31Yx_!!2217502105732-0-cib.jpg,https://cbu01.alicdn.com/img/ibank/O1CN01QMnEXb1sDJBkBvMlc_!!2217502105732-0-cib.jpg,https://cbu01.alicdn.com/img/ibank/O1CN01xGNIN21sDJBgEGtXT_!!2217502105732-0-cib.jpg "" ","https://yourwebsite.com/products/649839","in stock","new","shirts"
"649830","Men Cotton Striped Polo Shirt White Black Summer","Premium Men Cotton Striped Polo Shirt White Black Summer available at best price.","4258 PKR","https://cbu01.alicdn.com/img/ibank/O1CN01ZsQwSo1sDJBMxGp6l_!!2217502105732-0-cib.jpg"," "" https://cbu01.alicdn.com/img/ibank/O1CN011m3eBT1sDJBKczhBq_!!2217502105732-0-cib.jpg,https://cbu01.alicdn.com/img/ibank/O1CN018sjtRs1sDJBOYzeQ0_!!2217502105732-0-cib.jpg,https://cbu01.alicdn.com/img/ibank/O1CN01nNRG0C1sDJBQ5QNqL_!!2217502105732-0-cib.jpg,https://cbu01.alicdn.com/img/ibank/O1CN01qyUET61sDJBQ5Rj3n_!!2217502105732-0-cib.jpg "" ","https://yourwebsite.com/products/649830","in stock","new","shirts"
"656518","Men's Slim Fit Polo Shirt Sapphire Blue Summer Korean Style","Premium Men's Slim Fit Polo Shirt Sapphire Blue Summer Korean Style available at best price.","4165 PKR","https://cbu01.alicdn.com/img/ibank/10653550805_981182514.jpg"," "" https://cbu01.alicdn.com/img/ibank/10679501127_981182514.jpg,https://cbu01.alicdn.com/img/ibank/10679459572_981182514.jpg,https://cbu01.alicdn.com/img/ibank/8527575932_981182514.jpg,https://cbu01.alicdn.com/img/ibank/O1CN01yz89Vc1rJQqPvwTki_!!944185610-0-cib.jpg "" ","https://yourwebsite.com/products/656518","in stock","new","shirts"
"649828","Men Black Ice Silk Polo Shirt Summer Casual","Premium Men Black Ice Silk Polo Shirt Summer Casual available at best price.","4167 PKR","https://cbu01.alicdn.com/img/ibank/O1CN01pg4JKL23ffTauiNxU_!!2216528937283-0-cib.jpg"," "" https://cbu01.alicdn.com/img/ibank/O1CN01xrOQLa23ffTXwbVcw_!!2216528937283-0-cib.jpg,https://cbu01.alicdn.com/img/ibank/O1CN01Vl2c7923ffTTud6YD_!!2216528937283-0-cib.jpg,https://cbu01.alicdn.com/img/ibank/O1CN01cRwlAx23ffTaVn0tE_!!2216528937283-0-cib.jpg,https://cbu01.alicdn.com/img/ibank/O1CN01HDZBym23ffTZQyHOI_!!2216528937283-0-cib.jpg "" ","https://yourwebsite.com/products/649828","in stock","new","shirts"
"345304","DZ09 Bluetooth Smart Watch with Camera & SIM Card","Premium DZ09 Bluetooth Smart Watch with Camera & SIM Card available at best price.","3705 PKR","https://raw.githubusercontent.com/SehrishMughal/OnlineStore/main/images/prod_345304.jpg"," "" https://raw.githubusercontent.com/SehrishMughal/OnlineStore/main/images/prod_345304_alt_0.jpg,https://raw.githubusercontent.com/SehrishMughal/OnlineStore/main/images/prod_345304_alt_1.jpg,https://raw.githubusercontent.com/SehrishMughal/OnlineStore/main/images/prod_345304_alt_2.jpg,https://raw.githubusercontent.com/SehrishMughal/OnlineStore/main/images/prod_345304_alt_3.jpg,https://raw.githubusercontent.com/SehrishMughal/OnlineStore/main/images/prod_345304_alt_4.jpg "" ","https://yourwebsite.com/products/345304","in stock","new","smart watch"
"565252","Multicolor Smart Watch with 7 Straps & Fast Charge","Premium Multicolor Smart Watch with 7 Straps & Fast Charge available at best price.","3542 PKR","https://raw.githubusercontent.com/SehrishMughal/OnlineStore/main/images/prod_565252.jpg"," "" https://raw.githubusercontent.com/SehrishMughal/OnlineStore/main/images/prod_565252_alt_0.jpg,https://raw.githubusercontent.com/SehrishMughal/OnlineStore/main/images/prod_565252_alt_1.jpg,https://raw.githubusercontent.com/SehrishMughal/OnlineStore/main/images/prod_565252_alt_2.jpg,https://raw.githubusercontent.com/SehrishMughal/OnlineStore/main/images/prod_565252_alt_3.jpg,https://raw.githubusercontent.com/SehrishMughal/OnlineStore/main/images/prod_565252_alt_4.jpg "" ","https://yourwebsite.com/products/565252","in stock","new","smart watch"
"484239","Smart Watch with 7 Belts & Water Resistant Design","Premium Smart Watch with 7 Belts & Water Resistant Design available at best price.","3822 PKR","https://raw.githubusercontent.com/SehrishMughal/OnlineStore/main/images/prod_484239.jpg"," "" https://raw.githubusercontent.com/SehrishMughal/OnlineStore/main/images/prod_484239_alt_0.jpg,https://raw.githubusercontent.com/SehrishMughal/OnlineStore/main/images/prod_484239_alt_1.jpg,https://raw.githubusercontent.com/SehrishMughal/OnlineStore/main/images/prod_484239_alt_2.jpg,https://raw.githubusercontent.com/SehrishMughal/OnlineStore/main/images/prod_484239_alt_3.jpg,https://raw.githubusercontent.com/SehrishMughal/OnlineStore/main/images/prod_484239_alt_4.jpg "" ","https://yourwebsite.com/products/484239","in stock","new","smart watch"
"513575","Ultra Smart Watch with 7 Colorful Straps & Wireless Charger","Premium Ultra Smart Watch with 7 Colorful Straps & Wireless Charger available at best price.","3822 PKR","https://raw.githubusercontent.com/SehrishMughal/OnlineStore/main/images/prod_513575.jpg"," "" https://raw.githubusercontent.com/SehrishMughal/OnlineStore/main/images/prod_513575_alt_0.jpg,https://raw.githubusercontent.com/SehrishMughal/OnlineStore/main/images/prod_513575_alt_1.jpg,https://raw.githubusercontent.com/SehrishMughal/OnlineStore/main/images/prod_513575_alt_2.jpg,https://raw.githubusercontent.com/SehrishMughal/OnlineStore/main/images/prod_513575_alt_3.jpg,https://raw.githubusercontent.com/SehrishMughal/OnlineStore/main/images/prod_513575_alt_4.jpg "" ","https://yourwebsite.com/products/513575","in stock","new","smart watch"
"512490","Multicolor Smart Watch with 7 in 1 Fitness Tracker & 7 Straps","Premium Multicolor Smart Watch with 7 in 1 Fitness Tracker & 7 Straps available at best price.","3822 PKR","https://raw.githubusercontent.com/SehrishMughal/OnlineStore/main/images/prod_512490.jpg"," "" https://raw.githubusercontent.com/SehrishMughal/OnlineStore/main/images/prod_512490_alt_0.jpg,https://raw.githubusercontent.com/SehrishMughal/OnlineStore/main/images/prod_512490_alt_1.jpg,https://raw.githubusercontent.com/SehrishMughal/OnlineStore/main/images/prod_512490_alt_2.jpg,https://raw.githubusercontent.com/SehrishMughal/OnlineStore/main/images/prod_512490_alt_3.jpg,https://raw.githubusercontent.com/SehrishMughal/OnlineStore/main/images/prod_512490_alt_4.jpg "" ","https://yourwebsite.com/products/512490","in stock","new","smart watch"
"324089","7 in 1 Ultra Smart Watch Black Water Resistant","Premium 7 in 1 Ultra Smart Watch Black Water Resistant available at best price.","3619 PKR","https://raw.githubusercontent.com/SehrishMughal/OnlineStore/main/images/prod_324089.jpg"," "" https://raw.githubusercontent.com/SehrishMughal/OnlineStore/main/images/prod_324089_alt_0.jpg,https://raw.githubusercontent.com/SehrishMughal/OnlineStore/main/images/prod_324089_alt_1.jpg,https://raw.githubusercontent.com/SehrishMughal/OnlineStore/main/images/prod_324089_alt_2.jpg,https://raw.githubusercontent.com/SehrishMughal/OnlineStore/main/images/prod_324089_alt_3.jpg,https://raw.githubusercontent.com/SehrishMughal/OnlineStore/main/images/prod_324089_alt_4.jpg "" ","https://yourwebsite.com/products/324089","in stock","new","smart watch"
"345307","Men's Blue Silicone Smart Watch with Water Resistant Display","Premium Men's Blue Silicone Smart Watch with Water Resistant Display available at best price.","2646 PKR","https://raw.githubusercontent.com/SehrishMughal/OnlineStore/main/images/prod_345307.jpg"," "" https://raw.githubusercontent.com/SehrishMughal/OnlineStore/main/images/prod_345307_alt_0.jpg,https://raw.githubusercontent.com/SehrishMughal/OnlineStore/main/images/prod_345307_alt_1.jpg,https://raw.githubusercontent.com/SehrishMughal/OnlineStore/main/images/prod_345307_alt_2.jpg,https://raw.githubusercontent.com/SehrishMughal/OnlineStore/main/images/prod_345307_alt_3.jpg,https://raw.githubusercontent.com/SehrishMughal/OnlineStore/main/images/prod_345307_alt_4.jpg "" ","https://yourwebsite.com/products/345307","in stock","new","smart watch"
"313637","Smart Watch T800 Ultra Series 8 Black Orange Rubber Strap","Premium Smart Watch T800 Ultra Series 8 Black Orange Rubber Strap available at best price.","3671 PKR","https://raw.githubusercontent.com/SehrishMughal/OnlineStore/main/images/prod_313637.jpeg"," "" https://raw.githubusercontent.com/SehrishMughal/OnlineStore/main/images/prod_313637_alt_0.jpeg,https://raw.githubusercontent.com/SehrishMughal/OnlineStore/main/images/prod_313637_alt_1.jpeg,https://raw.githubusercontent.com/SehrishMughal/OnlineStore/main/images/prod_313637_alt_2.jpeg "" ","https://yourwebsite.com/products/313637","in stock","new","smart watch"
"313615","T900 Ultra Smart Watch Black Rubber Strap 49MM","Premium T900 Ultra Smart Watch Black Rubber Strap 49MM available at best price.","3838 PKR","https://raw.githubusercontent.com/SehrishMughal/OnlineStore/main/images/prod_313615.jpeg"," "" https://raw.githubusercontent.com/SehrishMughal/OnlineStore/main/images/prod_313615_alt_0.jpeg,https://raw.githubusercontent.com/SehrishMughal/OnlineStore/main/images/prod_313615_alt_1.jpeg,https://raw.githubusercontent.com/SehrishMughal/OnlineStore/main/images/prod_313615_alt_2.jpeg,https://raw.githubusercontent.com/SehrishMughal/OnlineStore/main/images/prod_313615_alt_3.jpeg,https://raw.githubusercontent.com/SehrishMughal/OnlineStore/main/images/prod_313615_alt_4.jpeg "" ","https://yourwebsite.com/products/313615","in stock","new","smart watch"
"330609","T800 Ultra Smart Watch Silver Fast Charging IP65 Waterproof","Premium T800 Ultra Smart Watch Silver Fast Charging IP65 Waterproof available at best price.","3671 PKR","https://raw.githubusercontent.com/SehrishMughal/OnlineStore/main/images/prod_330609.jpg"," "" https://raw.githubusercontent.com/SehrishMughal/OnlineStore/main/images/prod_330609_alt_0.jpg,https://raw.githubusercontent.com/SehrishMughal/OnlineStore/main/images/prod_330609_alt_1.jpg,https://raw.githubusercontent.com/SehrishMughal/OnlineStore/main/images/prod_330609_alt_2.jpg,https://raw.githubusercontent.com/SehrishMughal/OnlineStore/main/images/prod_330609_alt_3.jpg,https://raw.githubusercontent.com/SehrishMughal/OnlineStore/main/images/prod_330609_alt_4.jpg "" ","https://yourwebsite.com/products/330609","in stock","new","smart watch"
"538637","Wireless Airpods with Noise Cancellation & Smart Touch","Premium Wireless Airpods with Noise Cancellation & Smart Touch available at best price.","1456 PKR","https://raw.githubusercontent.com/SehrishMughal/OnlineStore/main/images/prod_538637.jpg"," "" https://raw.githubusercontent.com/SehrishMughal/OnlineStore/main/images/prod_538637_alt_0.jpg,https://raw.githubusercontent.com/SehrishMughal/OnlineStore/main/images/prod_538637_alt_1.jpg,https://raw.githubusercontent.com/SehrishMughal/OnlineStore/main/images/prod_538637_alt_2.jpg,https://raw.githubusercontent.com/SehrishMughal/OnlineStore/main/images/prod_538637_alt_3.jpg,https://raw.githubusercontent.com/SehrishMughal/OnlineStore/main/images/prod_538637_alt_4.jpg "" ","https://yourwebsite.com/products/538637","in stock","new","smart watch"
"335938","Smartwatch T500 Bluetooth with 2.5D Glass & Silicone Strap","Premium Smartwatch T500 Bluetooth with 2.5D Glass & Silicone Strap available at best price.","2352 PKR","https://raw.githubusercontent.com/SehrishMughal/OnlineStore/main/images/prod_335938.jpg"," "" https://raw.githubusercontent.com/SehrishMughal/OnlineStore/main/images/prod_335938_alt_0.jpg,https://raw.githubusercontent.com/SehrishMughal/OnlineStore/main/images/prod_335938_alt_1.jpg,https://raw.githubusercontent.com/SehrishMughal/OnlineStore/main/images/prod_335938_alt_2.jpg,https://raw.githubusercontent.com/SehrishMughal/OnlineStore/main/images/prod_335938_alt_3.jpg,https://raw.githubusercontent.com/SehrishMughal/OnlineStore/main/images/prod_335938_alt_4.jpg "" ","https://yourwebsite.com/products/335938","in stock","new","smart watch"
"619024","D9 Ultra Smart Watch Series 9 with 7 Straps & Bluetooth","Premium D9 Ultra Smart Watch Series 9 with 7 Straps & Bluetooth available at best price.","3051 PKR","https://raw.githubusercontent.com/SehrishMughal/OnlineStore/main/images/prod_619024.jpg"," "" https://raw.githubusercontent.com/SehrishMughal/OnlineStore/main/images/prod_619024_alt_0.jpg,https://raw.githubusercontent.com/SehrishMughal/OnlineStore/main/images/prod_619024_alt_1.jpg,https://raw.githubusercontent.com/SehrishMughal/OnlineStore/main/images/prod_619024_alt_2.jpg,https://raw.githubusercontent.com/SehrishMughal/OnlineStore/main/images/prod_619024_alt_3.jpg,https://raw.githubusercontent.com/SehrishMughal/OnlineStore/main/images/prod_619024_alt_4.jpg "" ","https://yourwebsite.com/products/619024","in stock","new","smart watch"
"617248","Smartwatch with 6 Straps Multicolor Silicone Metal Pakistan","Premium Smartwatch with 6 Straps Multicolor Silicone Metal Pakistan available at best price.","2981 PKR","https://raw.githubusercontent.com/SehrishMughal/OnlineStore/main/images/prod_617248.jpeg"," "" https://raw.githubusercontent.com/SehrishMughal/OnlineStore/main/images/prod_617248_alt_0.jpeg,https://raw.githubusercontent.com/SehrishMughal/OnlineStore/main/images/prod_617248_alt_1.jpeg,https://raw.githubusercontent.com/SehrishMughal/OnlineStore/main/images/prod_617248_alt_2.jpeg,https://raw.githubusercontent.com/SehrishMughal/OnlineStore/main/images/prod_617248_alt_3.jpeg,https://raw.githubusercontent.com/SehrishMughal/OnlineStore/main/images/prod_617248_alt_4.jpeg "" ","https://yourwebsite.com/products/617248","in stock","new","smart watch"
"425597","Men's Black Digital Watch Water Resistant Battery Operated","Premium Men's Black Digital Watch Water Resistant Battery Operated available at best price.","2492 PKR","https://raw.githubusercontent.com/SehrishMughal/OnlineStore/main/images/prod_425597.jpg"," "" https://raw.githubusercontent.com/SehrishMughal/OnlineStore/main/images/prod_425597_alt_0.jpg,https://raw.githubusercontent.com/SehrishMughal/OnlineStore/main/images/prod_425597_alt_1.jpg,https://raw.githubusercontent.com/SehrishMughal/OnlineStore/main/images/prod_425597_alt_2.jpg,https://raw.githubusercontent.com/SehrishMughal/OnlineStore/main/images/prod_425597_alt_3.jpg,https://raw.githubusercontent.com/SehrishMughal/OnlineStore/main/images/prod_425597_alt_4.jpg "" ","https://yourwebsite.com/products/425597","in stock","new","smart watch"
"362494","Men's Brown Silicone Analog Watch with Gold Accents","Premium Men's Brown Silicone Analog Watch with Gold Accents available at best price.","826 PKR","https://raw.githubusercontent.com/SehrishMughal/OnlineStore/main/images/prod_362494.jpg"," "" https://raw.githubusercontent.com/SehrishMughal/OnlineStore/main/images/prod_362494_alt_0.jpg,https://raw.githubusercontent.com/SehrishMughal/OnlineStore/main/images/prod_362494_alt_1.jpg,https://raw.githubusercontent.com/SehrishMughal/OnlineStore/main/images/prod_362494_alt_2.jpg,https://raw.githubusercontent.com/SehrishMughal/OnlineStore/main/images/prod_362494_alt_3.jpg,https://raw.githubusercontent.com/SehrishMughal/OnlineStore/main/images/prod_362494_alt_4.jpg "" ","https://yourwebsite.com/products/362494","in stock","new","smart watch"
"410524","Red Floral Cotton Bedsheet Set for Single Bed","Premium Red Floral Cotton Bedsheet Set for Single Bed available at best price.","2436 PKR","https://raw.githubusercontent.com/SehrishMughal/OnlineStore/main/images/prod_410524.jpg"," "" https://raw.githubusercontent.com/SehrishMughal/OnlineStore/main/images/prod_410524_alt_0.jpg,https://raw.githubusercontent.com/SehrishMughal/OnlineStore/main/images/prod_410524_alt_1.jpg,https://raw.githubusercontent.com/SehrishMughal/OnlineStore/main/images/prod_410524_alt_2.jpg "" ","https://yourwebsite.com/products/410524","in stock","new","bedsheets"
"586032","Gul Ahmed Cotton Salonica Bedsheet Set Purple Floral Single","Premium Gul Ahmed Cotton Salonica Bedsheet Set Purple Floral Single available at best price.","2296 PKR","https://raw.githubusercontent.com/SehrishMughal/OnlineStore/main/images/prod_586032.jpeg"," "" https://raw.githubusercontent.com/SehrishMughal/OnlineStore/main/images/prod_586032_alt_0.jpeg,https://raw.githubusercontent.com/SehrishMughal/OnlineStore/main/images/prod_586032_alt_1.jpeg,https://raw.githubusercontent.com/SehrishMughal/OnlineStore/main/images/prod_586032_alt_2.jpeg "" ","https://yourwebsite.com/products/586032","in stock","new","bedsheets"
"410530","Premium Quality Cotton Salonica Bedsheet Set Green Floral Single","Premium Premium Quality Cotton Salonica Bedsheet Set Green Floral Single available at best price.","2436 PKR","https://raw.githubusercontent.com/SehrishMughal/OnlineStore/main/images/prod_410530.jpg"," "" https://raw.githubusercontent.com/SehrishMughal/OnlineStore/main/images/prod_410530_alt_0.jpg,https://raw.githubusercontent.com/SehrishMughal/OnlineStore/main/images/prod_410530_alt_1.jpg,https://raw.githubusercontent.com/SehrishMughal/OnlineStore/main/images/prod_410530_alt_2.jpg "" ","https://yourwebsite.com/products/410530","in stock","new","bedsheets"
"638425","Red Silk Couple Pajamas with Lace for Women and Men","Premium Red Silk Couple Pajamas with Lace for Women and Men available at best price.","4963 PKR","https://cbu01.alicdn.com/img/ibank/O1CN017SJe7c2HV2dt5f0AG_!!2571779155-0-cib.jpg"," "" https://cbu01.alicdn.com/img/ibank/O1CN012xabHN2HV2dpFF8zo_!!2571779155-0-cib.jpg,https://cbu01.alicdn.com/img/ibank/O1CN01UALr4S2HV2dsv6mYB_!!2571779155-0-cib.jpg,https://cbu01.alicdn.com/img/ibank/O1CN016j0sQs1Bs2f0ogCHP_!!0-0-cib.jpg,https://cbu01.alicdn.com/img/ibank/O1CN016FLdDh2HV2dwbdmoP_!!2571779155-0-cib.jpg "" ","https://yourwebsite.com/products/638425","in stock","new","bedsheets"
"530958","Cotton Printed Single Bedsheet with Anime Design 4 Pcs","Premium Cotton Printed Single Bedsheet with Anime Design 4 Pcs available at best price.","2310 PKR","https://raw.githubusercontent.com/SehrishMughal/OnlineStore/main/images/prod_530958.jpeg"," "" https://raw.githubusercontent.com/SehrishMughal/OnlineStore/main/images/prod_530958_alt_0.jpeg,https://raw.githubusercontent.com/SehrishMughal/OnlineStore/main/images/prod_530958_alt_1.jpeg,https://raw.githubusercontent.com/SehrishMughal/OnlineStore/main/images/prod_530958_alt_2.jpeg "" ","https://yourwebsite.com/products/530958","in stock","new","bedsheets"
"592444","Orange Printed Leaf Bedsheet Set for Pakistani Homes","Premium Orange Printed Leaf Bedsheet Set for Pakistani Homes available at best price.","2324 PKR","https://raw.githubusercontent.com/SehrishMughal/OnlineStore/main/images/prod_592444.jpg"," "" https://raw.githubusercontent.com/SehrishMughal/OnlineStore/main/images/prod_592444_alt_0.jpg,https://raw.githubusercontent.com/SehrishMughal/OnlineStore/main/images/prod_592444_alt_1.jpg,https://raw.githubusercontent.com/SehrishMughal/OnlineStore/main/images/prod_592444_alt_2.jpg "" ","https://yourwebsite.com/products/592444","in stock","new","bedsheets"
"588360","Single Bedsheet Set Green Yellow Floral Print Cotton","Premium Single Bedsheet Set Green Yellow Floral Print Cotton available at best price.","2436 PKR","https://raw.githubusercontent.com/SehrishMughal/OnlineStore/main/images/prod_588360.jpg"," "" https://raw.githubusercontent.com/SehrishMughal/OnlineStore/main/images/prod_588360_alt_0.jpg "" ","https://yourwebsite.com/products/588360","in stock","new","bedsheets"
"586040","Cotton Salonica Bedsheet Set Yellow Leaf Print Single","Premium Cotton Salonica Bedsheet Set Yellow Leaf Print Single available at best price.","2324 PKR","https://raw.githubusercontent.com/SehrishMughal/OnlineStore/main/images/prod_586040.jpeg"," "" https://raw.githubusercontent.com/SehrishMughal/OnlineStore/main/images/prod_586040_alt_0.jpeg,https://raw.githubusercontent.com/SehrishMughal/OnlineStore/main/images/prod_586040_alt_1.jpeg,https://raw.githubusercontent.com/SehrishMughal/OnlineStore/main/images/prod_586040_alt_2.jpeg "" ","https://yourwebsite.com/products/586040","in stock","new","bedsheets"
"592627","Crystal Cotton 3D Floral Bedsheet Set Single Size","Premium Crystal Cotton 3D Floral Bedsheet Set Single Size available at best price.","2240 PKR","https://raw.githubusercontent.com/SehrishMughal/OnlineStore/main/images/prod_592627.jpeg"," "" https://raw.githubusercontent.com/SehrishMughal/OnlineStore/main/images/prod_592627_alt_0.jpeg,https://raw.githubusercontent.com/SehrishMughal/OnlineStore/main/images/prod_592627_alt_1.jpeg,https://raw.githubusercontent.com/SehrishMughal/OnlineStore/main/images/prod_592627_alt_2.jpeg "" ","https://yourwebsite.com/products/592627","in stock","new","bedsheets"
"585570","Premium Quality Cotton Salonica Bedsheet Set Red Floral Single","Premium Premium Quality Cotton Salonica Bedsheet Set Red Floral Single available at best price.","2184 PKR","https://raw.githubusercontent.com/SehrishMughal/OnlineStore/main/images/prod_585570.jpeg"," "" https://raw.githubusercontent.com/SehrishMughal/OnlineStore/main/images/prod_585570_alt_0.jpeg,https://raw.githubusercontent.com/SehrishMughal/OnlineStore/main/images/prod_585570_alt_1.jpeg,https://raw.githubusercontent.com/SehrishMughal/OnlineStore/main/images/prod_585570_alt_2.jpeg "" ","https://yourwebsite.com/products/585570","in stock","new","bedsheets"
"472522","Cotton Printed Single Bedsheet Yellow 4Pcs Set","Premium Cotton Printed Single Bedsheet Yellow 4Pcs Set available at best price.","2436 PKR","https://raw.githubusercontent.com/SehrishMughal/OnlineStore/main/images/prod_472522.jpg"," "" https://raw.githubusercontent.com/SehrishMughal/OnlineStore/main/images/prod_472522_alt_0.jpg,https://raw.githubusercontent.com/SehrishMughal/OnlineStore/main/images/prod_472522_alt_1.jpg,https://raw.githubusercontent.com/SehrishMughal/OnlineStore/main/images/prod_472522_alt_2.jpg "" ","https://yourwebsite.com/products/472522","in stock","new","bedsheets"
"592452","Cotton Salonica Bedsheet Set Black Orange Floral 4Pcs","Premium Cotton Salonica Bedsheet Set Black Orange Floral 4Pcs available at best price.","2324 PKR","https://raw.githubusercontent.com/SehrishMughal/OnlineStore/main/images/prod_592452.jpg"," "" https://raw.githubusercontent.com/SehrishMughal/OnlineStore/main/images/prod_592452_alt_0.jpg,https://raw.githubusercontent.com/SehrishMughal/OnlineStore/main/images/prod_592452_alt_1.jpg,https://raw.githubusercontent.com/SehrishMughal/OnlineStore/main/images/prod_592452_alt_2.jpg "" ","https://yourwebsite.com/products/592452","in stock","new","bedsheets"
"281695","Premium Cotton Bedsheets Set 2-Sided Frill Blue White","Premium Premium Cotton Bedsheets Set 2-Sided Frill Blue White available at best price.","2365 PKR","https://raw.githubusercontent.com/SehrishMughal/OnlineStore/main/images/prod_281695.jpeg"," "" https://raw.githubusercontent.com/SehrishMughal/OnlineStore/main/images/prod_281695_alt_0.jpeg,https://raw.githubusercontent.com/SehrishMughal/OnlineStore/main/images/prod_281695_alt_1.jpeg,https://raw.githubusercontent.com/SehrishMughal/OnlineStore/main/images/prod_281695_alt_2.jpeg "" ","https://yourwebsite.com/products/281695","in stock","new","bedsheets"
"592619","Red Floral Bedsheet Set Crystal Cotton 90x60","Premium Red Floral Bedsheet Set Crystal Cotton 90x60 available at best price.","2240 PKR","https://raw.githubusercontent.com/SehrishMughal/OnlineStore/main/images/prod_592619.jpeg"," "" https://raw.githubusercontent.com/SehrishMughal/OnlineStore/main/images/prod_592619_alt_0.jpeg,https://raw.githubusercontent.com/SehrishMughal/OnlineStore/main/images/prod_592619_alt_1.jpeg,https://raw.githubusercontent.com/SehrishMughal/OnlineStore/main/images/prod_592619_alt_2.jpeg "" ","https://yourwebsite.com/products/592619","in stock","new","bedsheets"
"585568","Premium Cotton Salonica Bedsheet Set Yellow Leaf Print Single","Premium Premium Cotton Salonica Bedsheet Set Yellow Leaf Print Single available at best price.","2184 PKR","https://raw.githubusercontent.com/SehrishMughal/OnlineStore/main/images/prod_585568.jpeg"," "" https://raw.githubusercontent.com/SehrishMughal/OnlineStore/main/images/prod_585568_alt_0.jpeg,https://raw.githubusercontent.com/SehrishMughal/OnlineStore/main/images/prod_585568_alt_1.jpeg,https://raw.githubusercontent.com/SehrishMughal/OnlineStore/main/images/prod_585568_alt_2.jpeg "" ","https://yourwebsite.com/products/585568","in stock","new","bedsheets"
"499154","Single Bed Cotton Printed Bedding Set Black Floral 4 Pcs","Premium Single Bed Cotton Printed Bedding Set Black Floral 4 Pcs available at best price.","2184 PKR","https://raw.githubusercontent.com/SehrishMughal/OnlineStore/main/images/prod_499154.jpg"," "" https://raw.githubusercontent.com/SehrishMughal/OnlineStore/main/images/prod_499154_alt_0.jpg "" ","https://yourwebsite.com/products/499154","in stock","new","bedsheets"
"346744","4 Pcs Cotton Printed Single Bedsheet","Premium 4 Pcs Cotton Printed Single Bedsheet available at best price.","2324 PKR","https://raw.githubusercontent.com/SehrishMughal/OnlineStore/main/images/prod_346744.jpg"," "" https://raw.githubusercontent.com/SehrishMughal/OnlineStore/main/images/prod_346744_alt_0.jpg,https://raw.githubusercontent.com/SehrishMughal/OnlineStore/main/images/prod_346744_alt_1.jpg,https://raw.githubusercontent.com/SehrishMughal/OnlineStore/main/images/prod_346744_alt_2.jpg "" ","https://yourwebsite.com/products/346744","in stock","new","bedsheets"
"283736","Crystal Cotton Floral Bedsheet Set Green Yellow 4Pcs","Premium Crystal Cotton Floral Bedsheet Set Green Yellow 4Pcs available at best price.","2310 PKR","https://raw.githubusercontent.com/SehrishMughal/OnlineStore/main/images/prod_283736.jpeg"," "" https://raw.githubusercontent.com/SehrishMughal/OnlineStore/main/images/prod_283736_alt_0.jpeg "" ","https://yourwebsite.com/products/283736","in stock","new","bedsheets"
"493918","Blue Printed Mix Cotton Single Bedsheet Set 4 Pcs","Premium Blue Printed Mix Cotton Single Bedsheet Set 4 Pcs available at best price.","2184 PKR","https://raw.githubusercontent.com/SehrishMughal/OnlineStore/main/images/prod_493918.jpg"," "" https://raw.githubusercontent.com/SehrishMughal/OnlineStore/main/images/prod_493918_alt_0.jpg "" ","https://yourwebsite.com/products/493918","in stock","new","bedsheets"
"588399","Single Bed Mix Cotton Floral Blue Linen Set","Premium Single Bed Mix Cotton Floral Blue Linen Set available at best price.","2436 PKR","https://raw.githubusercontent.com/SehrishMughal/OnlineStore/main/images/prod_588399.jpg"," "" https://raw.githubusercontent.com/SehrishMughal/OnlineStore/main/images/prod_588399_alt_0.jpg "" ","https://yourwebsite.com/products/588399","in stock","new","bedsheets"
"588365","Green Printed Mix Cotton Single Bedsheet Set 4 Pcs","Premium Green Printed Mix Cotton Single Bedsheet Set 4 Pcs available at best price.","2436 PKR","https://raw.githubusercontent.com/SehrishMughal/OnlineStore/main/images/prod_588365.jpg"," "" https://raw.githubusercontent.com/SehrishMughal/OnlineStore/main/images/prod_588365_alt_0.jpg "" ","https://yourwebsite.com/products/588365","in stock","new","bedsheets"
"470023","Cotton Printed Single Bedsheet Green 4Pcs Set","Premium Cotton Printed Single Bedsheet Green 4Pcs Set available at best price.","2184 PKR","https://raw.githubusercontent.com/SehrishMughal/OnlineStore/main/images/prod_470023.jpeg"," "" https://raw.githubusercontent.com/SehrishMughal/OnlineStore/main/images/prod_470023_alt_0.jpeg,https://raw.githubusercontent.com/SehrishMughal/OnlineStore/main/images/prod_470023_alt_1.jpeg,https://raw.githubusercontent.com/SehrishMughal/OnlineStore/main/images/prod_470023_alt_2.jpeg "" ","https://yourwebsite.com/products/470023","in stock","new","bedsheets"
"592442","Premium Cotton Salonica Bedsheet Set Green Floral Single","Premium Premium Cotton Salonica Bedsheet Set Green Floral Single available at best price.","2324 PKR","https://raw.githubusercontent.com/SehrishMughal/OnlineStore/main/images/prod_592442.jpg"," "" https://raw.githubusercontent.com/SehrishMughal/OnlineStore/main/images/prod_592442_alt_0.jpg,https://raw.githubusercontent.com/SehrishMughal/OnlineStore/main/images/prod_592442_alt_1.jpg,https://raw.githubusercontent.com/SehrishMughal/OnlineStore/main/images/prod_592442_alt_2.jpg "" ","https://yourwebsite.com/products/592442","in stock","new","bedsheets"
"588369","Mustard Mix Cotton Printed Single Bedsheet Set of 4","Premium Mustard Mix Cotton Printed Single Bedsheet Set of 4 available at best price.","2436 PKR","https://raw.githubusercontent.com/SehrishMughal/OnlineStore/main/images/prod_588369.jpg"," "" https://raw.githubusercontent.com/SehrishMughal/OnlineStore/main/images/prod_588369_alt_0.jpg "" ","https://yourwebsite.com/products/588369","in stock","new","bedsheets"
"586031","Cotton Salonica Bedsheet Set Turquoise Floral Single Bed","Premium Cotton Salonica Bedsheet Set Turquoise Floral Single Bed available at best price.","2324 PKR","https://raw.githubusercontent.com/SehrishMughal/OnlineStore/main/images/prod_586031.jpeg"," "" https://raw.githubusercontent.com/SehrishMughal/OnlineStore/main/images/prod_586031_alt_0.jpeg,https://raw.githubusercontent.com/SehrishMughal/OnlineStore/main/images/prod_586031_alt_1.jpeg,https://raw.githubusercontent.com/SehrishMughal/OnlineStore/main/images/prod_586031_alt_2.jpeg "" ","https://yourwebsite.com/products/586031","in stock","new","bedsheets"
"472612","Premium Green Floral Mix Cotton Bedsheet Set for Single Bed","Premium Premium Green Floral Mix Cotton Bedsheet Set for Single Bed available at best price.","2408 PKR","https://raw.githubusercontent.com/SehrishMughal/OnlineStore/main/images/prod_472612.jpg"," "" https://raw.githubusercontent.com/SehrishMughal/OnlineStore/main/images/prod_472612_alt_0.jpg,https://raw.githubusercontent.com/SehrishMughal/OnlineStore/main/images/prod_472612_alt_1.jpg,https://raw.githubusercontent.com/SehrishMughal/OnlineStore/main/images/prod_472612_alt_2.jpg "" ","https://yourwebsite.com/products/472612","in stock","new","bedsheets"
"603147","Cotton Printed Single Bedsheet Black Floral 4Pcs","Premium Cotton Printed Single Bedsheet Black Floral 4Pcs available at best price.","2212 PKR","https://raw.githubusercontent.com/SehrishMughal/OnlineStore/main/images/prod_603147.jpeg"," "" https://raw.githubusercontent.com/SehrishMughal/OnlineStore/main/images/prod_603147_alt_0.jpeg,https://raw.githubusercontent.com/SehrishMughal/OnlineStore/main/images/prod_603147_alt_1.jpeg,https://raw.githubusercontent.com/SehrishMughal/OnlineStore/main/images/prod_603147_alt_2.jpeg "" ","https://yourwebsite.com/products/603147","in stock","new","bedsheets"
"470020","Cotton Salonica Bedsheet Set Single Bed Yellow Blue Gold","Premium Cotton Salonica Bedsheet Set Single Bed Yellow Blue Gold available at best price.","2184 PKR","https://raw.githubusercontent.com/SehrishMughal/OnlineStore/main/images/prod_470020.jpeg"," "" https://raw.githubusercontent.com/SehrishMughal/OnlineStore/main/images/prod_470020_alt_0.jpeg,https://raw.githubusercontent.com/SehrishMughal/OnlineStore/main/images/prod_470020_alt_1.jpeg,https://raw.githubusercontent.com/SehrishMughal/OnlineStore/main/images/prod_470020_alt_2.jpeg "" ","https://yourwebsite.com/products/470020","in stock","new","bedsheets"
"324276","Crystal Cotton Single Bedsheet Set Gray Yellow Black","Premium Crystal Cotton Single Bedsheet Set Gray Yellow Black available at best price.","2184 PKR","https://raw.githubusercontent.com/SehrishMughal/OnlineStore/main/images/prod_324276.jpeg"," "" https://raw.githubusercontent.com/SehrishMughal/OnlineStore/main/images/prod_324276_alt_0.jpeg,https://raw.githubusercontent.com/SehrishMughal/OnlineStore/main/images/prod_324276_alt_1.jpeg,https://raw.githubusercontent.com/SehrishMughal/OnlineStore/main/images/prod_324276_alt_2.jpeg "" ","https://yourwebsite.com/products/324276","in stock","new","bedsheets"
"324266","Crystal Cotton Floral Bedsheet Set Single Size Pakistan","Premium Crystal Cotton Floral Bedsheet Set Single Size Pakistan available at best price.","2184 PKR","https://raw.githubusercontent.com/SehrishMughal/OnlineStore/main/images/prod_324266.jpeg"," "" https://raw.githubusercontent.com/SehrishMughal/OnlineStore/main/images/prod_324266_alt_0.jpeg,https://raw.githubusercontent.com/SehrishMughal/OnlineStore/main/images/prod_324266_alt_1.jpeg,https://raw.githubusercontent.com/SehrishMughal/OnlineStore/main/images/prod_324266_alt_2.jpeg "" ","https://yourwebsite.com/products/324266","in stock","new","bedsheets"
"472514","Purple Floral Cotton Bedsheet Set Single Bed","Premium Purple Floral Cotton Bedsheet Set Single Bed available at best price.","2436 PKR","https://raw.githubusercontent.com/SehrishMughal/OnlineStore/main/images/prod_472514.jpg"," "" https://raw.githubusercontent.com/SehrishMughal/OnlineStore/main/images/prod_472514_alt_0.jpg,https://raw.githubusercontent.com/SehrishMughal/OnlineStore/main/images/prod_472514_alt_1.jpg,https://raw.githubusercontent.com/SehrishMughal/OnlineStore/main/images/prod_472514_alt_2.jpg "" ","https://yourwebsite.com/products/472514","in stock","new","bedsheets"
"472526","Cotton Salonica Bedsheet Set Single Bed Grey Pink Floral","Premium Cotton Salonica Bedsheet Set Single Bed Grey Pink Floral available at best price.","2436 PKR","https://raw.githubusercontent.com/SehrishMughal/OnlineStore/main/images/prod_472526.jpg"," "" https://raw.githubusercontent.com/SehrishMughal/OnlineStore/main/images/prod_472526_alt_0.jpg,https://raw.githubusercontent.com/SehrishMughal/OnlineStore/main/images/prod_472526_alt_1.jpg,https://raw.githubusercontent.com/SehrishMughal/OnlineStore/main/images/prod_472526_alt_2.jpg "" ","https://yourwebsite.com/products/472526","in stock","new","bedsheets"
"408327","Purple Cotton Salonica Single Bed Sheet Set 4Pcs","Premium Purple Cotton Salonica Single Bed Sheet Set 4Pcs available at best price.","2324 PKR","https://raw.githubusercontent.com/SehrishMughal/OnlineStore/main/images/prod_408327.jpg"," "" https://raw.githubusercontent.com/SehrishMughal/OnlineStore/main/images/prod_408327_alt_0.jpg,https://raw.githubusercontent.com/SehrishMughal/OnlineStore/main/images/prod_408327_alt_1.jpg,https://raw.githubusercontent.com/SehrishMughal/OnlineStore/main/images/prod_408327_alt_2.jpg "" ","https://yourwebsite.com/products/408327","in stock","new","bedsheets"
"588397","Red Floral Mix Cotton Bedsheet Set Single Bed","Premium Red Floral Mix Cotton Bedsheet Set Single Bed available at best price.","2436 PKR","https://raw.githubusercontent.com/SehrishMughal/OnlineStore/main/images/prod_588397.jpg"," "" https://raw.githubusercontent.com/SehrishMughal/OnlineStore/main/images/prod_588397_alt_0.jpg "" ","https://yourwebsite.com/products/588397","in stock","new","bedsheets"
"605852","Maroon Cotton Printed Single Bedsheet 4 Pcs Set","Premium Maroon Cotton Printed Single Bedsheet 4 Pcs Set available at best price.","2226 PKR","https://raw.githubusercontent.com/SehrishMughal/OnlineStore/main/images/prod_605852.jpeg"," "" https://raw.githubusercontent.com/SehrishMughal/OnlineStore/main/images/prod_605852_alt_0.jpeg,https://raw.githubusercontent.com/SehrishMughal/OnlineStore/main/images/prod_605852_alt_1.jpeg,https://raw.githubusercontent.com/SehrishMughal/OnlineStore/main/images/prod_605852_alt_2.jpeg "" ","https://yourwebsite.com/products/605852","in stock","new","bedsheets"
"583727","Single Bed Sheet Set Crystal Cotton Printed Geometric Pattern","Premium Single Bed Sheet Set Crystal Cotton Printed Geometric Pattern available at best price.","2548 PKR","https://raw.githubusercontent.com/SehrishMughal/OnlineStore/main/images/prod_583727.jpg"," "" https://raw.githubusercontent.com/SehrishMughal/OnlineStore/main/images/prod_583727_alt_0.jpg "" ","https://yourwebsite.com/products/583727","in stock","new","bedsheets"
"605869","Red Cotton Bedsheet Set with Leaf Print for Pakistani Homes","Premium Red Cotton Bedsheet Set with Leaf Print for Pakistani Homes available at best price.","2310 PKR","https://raw.githubusercontent.com/SehrishMughal/OnlineStore/main/images/prod_605869.jpeg"," "" https://raw.githubusercontent.com/SehrishMughal/OnlineStore/main/images/prod_605869_alt_0.jpeg,https://raw.githubusercontent.com/SehrishMughal/OnlineStore/main/images/prod_605869_alt_1.jpeg,https://raw.githubusercontent.com/SehrishMughal/OnlineStore/main/images/prod_605869_alt_2.jpeg "" ","https://yourwebsite.com/products/605869","in stock","new","bedsheets"
"585576","Cotton Salonica Bedsheet Set Red Black White Single","Premium Cotton Salonica Bedsheet Set Red Black White Single available at best price.","2184 PKR","https://raw.githubusercontent.com/SehrishMughal/OnlineStore/main/images/prod_585576.jpeg"," "" https://raw.githubusercontent.com/SehrishMughal/OnlineStore/main/images/prod_585576_alt_0.jpeg,https://raw.githubusercontent.com/SehrishMughal/OnlineStore/main/images/prod_585576_alt_1.jpeg,https://raw.githubusercontent.com/SehrishMughal/OnlineStore/main/images/prod_585576_alt_2.jpeg "" ","https://yourwebsite.com/products/585576","in stock","new","bedsheets"
"592620","Red Floral Crystal Cotton Bedsheet Set for Single Bed","Premium Red Floral Crystal Cotton Bedsheet Set for Single Bed available at best price.","2240 PKR","https://raw.githubusercontent.com/SehrishMughal/OnlineStore/main/images/prod_592620.jpeg"," "" https://raw.githubusercontent.com/SehrishMughal/OnlineStore/main/images/prod_592620_alt_0.jpeg,https://raw.githubusercontent.com/SehrishMughal/OnlineStore/main/images/prod_592620_alt_1.jpeg,https://raw.githubusercontent.com/SehrishMughal/OnlineStore/main/images/prod_592620_alt_2.jpeg "" ","https://yourwebsite.com/products/592620","in stock","new","bedsheets"
"603133","Maroon Floral Bedsheet Set Single Bed Cotton Salonica","Premium Maroon Floral Bedsheet Set Single Bed Cotton Salonica available at best price.","2212 PKR","https://raw.githubusercontent.com/SehrishMughal/OnlineStore/main/images/prod_603133.jpeg"," "" https://raw.githubusercontent.com/SehrishMughal/OnlineStore/main/images/prod_603133_alt_0.jpeg,https://raw.githubusercontent.com/SehrishMughal/OnlineStore/main/images/prod_603133_alt_1.jpeg,https://raw.githubusercontent.com/SehrishMughal/OnlineStore/main/images/prod_603133_alt_2.jpeg "" ","https://yourwebsite.com/products/603133","in stock","new","bedsheets"
"603126","Cotton Salonica Bedsheet Set Red Paisley Single Bed","Premium Cotton Salonica Bedsheet Set Red Paisley Single Bed available at best price.","2212 PKR","https://raw.githubusercontent.com/SehrishMughal/OnlineStore/main/images/prod_603126.jpeg"," "" https://raw.githubusercontent.com/SehrishMughal/OnlineStore/main/images/prod_603126_alt_0.jpeg,https://raw.githubusercontent.com/SehrishMughal/OnlineStore/main/images/prod_603126_alt_1.jpeg,https://raw.githubusercontent.com/SehrishMughal/OnlineStore/main/images/prod_603126_alt_2.jpeg "" ","https://yourwebsite.com/products/603126","in stock","new","bedsheets"
"493903","Luxury Printed Mix Cotton Single Bed Sheet Set 4Pcs Black","Premium Luxury Printed Mix Cotton Single Bed Sheet Set 4Pcs Black available at best price.","2184 PKR","https://raw.githubusercontent.com/SehrishMughal/OnlineStore/main/images/prod_493903.jpg"," "" https://raw.githubusercontent.com/SehrishMughal/OnlineStore/main/images/prod_493903_alt_0.jpg "" ","https://yourwebsite.com/products/493903","in stock","new","bedsheets"
"585566","Premium Quality Cotton Salonica Bedsheet Set Purple White Leaf","Premium Premium Quality Cotton Salonica Bedsheet Set Purple White Leaf available at best price.","2184 PKR","https://raw.githubusercontent.com/SehrishMughal/OnlineStore/main/images/prod_585566.jpeg"," "" https://raw.githubusercontent.com/SehrishMughal/OnlineStore/main/images/prod_585566_alt_0.jpeg,https://raw.githubusercontent.com/SehrishMughal/OnlineStore/main/images/prod_585566_alt_1.jpeg,https://raw.githubusercontent.com/SehrishMughal/OnlineStore/main/images/prod_585566_alt_2.jpeg "" ","https://yourwebsite.com/products/585566","in stock","new","bedsheets"
"570685","Red Crystal Cotton Printed Single Bedsheet 4 Pcs Set","Premium Red Crystal Cotton Printed Single Bedsheet 4 Pcs Set available at best price.","2240 PKR","https://raw.githubusercontent.com/SehrishMughal/OnlineStore/main/images/prod_570685.jpeg"," "" https://raw.githubusercontent.com/SehrishMughal/OnlineStore/main/images/prod_570685_alt_0.jpeg,https://raw.githubusercontent.com/SehrishMughal/OnlineStore/main/images/prod_570685_alt_1.jpeg,https://raw.githubusercontent.com/SehrishMughal/OnlineStore/main/images/prod_570685_alt_2.jpeg "" ","https://yourwebsite.com/products/570685","in stock","new","bedsheets"
"605865","Cotton Salonica Printed Single Bedsheet Grey 4Pcs","Premium Cotton Salonica Printed Single Bedsheet Grey 4Pcs available at best price.","2310 PKR","https://raw.githubusercontent.com/SehrishMughal/OnlineStore/main/images/prod_605865.jpeg"," "" https://raw.githubusercontent.com/SehrishMughal/OnlineStore/main/images/prod_605865_alt_0.jpeg,https://raw.githubusercontent.com/SehrishMughal/OnlineStore/main/images/prod_605865_alt_1.jpeg,https://raw.githubusercontent.com/SehrishMughal/OnlineStore/main/images/prod_605865_alt_2.jpeg "" ","https://yourwebsite.com/products/605865","in stock","new","bedsheets"
"499149","Maroon Cotton Printed Single Bedsheet Set 4 Pcs","Premium Maroon Cotton Printed Single Bedsheet Set 4 Pcs available at best price.","2184 PKR","https://raw.githubusercontent.com/SehrishMughal/OnlineStore/main/images/prod_499149.jpg"," "" https://raw.githubusercontent.com/SehrishMughal/OnlineStore/main/images/prod_499149_alt_0.jpg "" ","https://yourwebsite.com/products/499149","in stock","new","bedsheets"
"523822","3-Piece Rexine Handbag Set Black Burgundy Tassel","Premium 3-Piece Rexine Handbag Set Black Burgundy Tassel available at best price.","2240 PKR","https://raw.githubusercontent.com/SehrishMughal/OnlineStore/main/images/prod_523822.jpeg"," "" https://raw.githubusercontent.com/SehrishMughal/OnlineStore/main/images/prod_523822_alt_0.jpeg,https://raw.githubusercontent.com/SehrishMughal/OnlineStore/main/images/prod_523822_alt_1.jpeg,https://raw.githubusercontent.com/SehrishMughal/OnlineStore/main/images/prod_523822_alt_2.jpeg "" ","https://yourwebsite.com/products/523822","in stock","new","bags"
"495500","Pink Rexine 5-Piece Handbag Set for Women","Premium Pink Rexine 5-Piece Handbag Set for Women available at best price.","2225 PKR","https://raw.githubusercontent.com/SehrishMughal/OnlineStore/main/images/prod_495500.jpeg"," "" https://raw.githubusercontent.com/SehrishMughal/OnlineStore/main/images/prod_495500_alt_0.jpeg,https://raw.githubusercontent.com/SehrishMughal/OnlineStore/main/images/prod_495500_alt_1.jpeg,https://raw.githubusercontent.com/SehrishMughal/OnlineStore/main/images/prod_495500_alt_2.jpeg "" ","https://yourwebsite.com/products/495500","in stock","new","bags"
"319495","Storage Bags Pack of 4 Black Red","Premium Storage Bags Pack of 4 Black Red available at best price.","1498 PKR","https://raw.githubusercontent.com/SehrishMughal/OnlineStore/main/images/prod_319495.jpg"," "" https://raw.githubusercontent.com/SehrishMughal/OnlineStore/main/images/prod_319495_alt_0.jpg,https://raw.githubusercontent.com/SehrishMughal/OnlineStore/main/images/prod_319495_alt_1.jpg,https://raw.githubusercontent.com/SehrishMughal/OnlineStore/main/images/prod_319495_alt_2.jpg,https://raw.githubusercontent.com/SehrishMughal/OnlineStore/main/images/prod_319495_alt_3.jpg,https://raw.githubusercontent.com/SehrishMughal/OnlineStore/main/images/prod_319495_alt_4.jpg "" ","https://yourwebsite.com/products/319495","in stock","new","bags"
"221987","Pack of 6 Transparent Storage Bags Red Handles","Premium Pack of 6 Transparent Storage Bags Red Handles available at best price.","2142 PKR","https://raw.githubusercontent.com/SehrishMughal/OnlineStore/main/images/prod_221987.jpeg"," "" https://raw.githubusercontent.com/SehrishMughal/OnlineStore/main/images/prod_221987_alt_0.jpeg,https://raw.githubusercontent.com/SehrishMughal/OnlineStore/main/images/prod_221987_alt_1.jpeg,https://raw.githubusercontent.com/SehrishMughal/OnlineStore/main/images/prod_221987_alt_2.jpeg,https://raw.githubusercontent.com/SehrishMughal/OnlineStore/main/images/prod_221987_alt_3.jpeg,https://raw.githubusercontent.com/SehrishMughal/OnlineStore/main/images/prod_221987_alt_4.jpeg "" ","https://yourwebsite.com/products/221987","in stock","new","bags"
"576659","Multicolor Hanging Mesh Storage Bags Set of 3","Premium Multicolor Hanging Mesh Storage Bags Set of 3 available at best price.","651 PKR","https://raw.githubusercontent.com/SehrishMughal/OnlineStore/main/images/prod_576659.jpg"," "" https://raw.githubusercontent.com/SehrishMughal/OnlineStore/main/images/prod_576659_alt_0.jpg,https://raw.githubusercontent.com/SehrishMughal/OnlineStore/main/images/prod_576659_alt_1.jpeg,https://raw.githubusercontent.com/SehrishMughal/OnlineStore/main/images/prod_576659_alt_2.jpeg,https://raw.githubusercontent.com/SehrishMughal/OnlineStore/main/images/prod_576659_alt_3.jpeg,https://raw.githubusercontent.com/SehrishMughal/OnlineStore/main/images/prod_576659_alt_4.jpeg "" ","https://yourwebsite.com/products/576659","in stock","new","bags"
"147575","Transparent Shoe Bags Dust Proof Non Woven 4/8","Premium Transparent Shoe Bags Dust Proof Non Woven 4/8 available at best price.","1386 PKR","https://raw.githubusercontent.com/SehrishMughal/OnlineStore/main/images/prod_147575.jpg"," "" https://raw.githubusercontent.com/SehrishMughal/OnlineStore/main/images/prod_147575_alt_0.jpg,https://raw.githubusercontent.com/SehrishMughal/OnlineStore/main/images/prod_147575_alt_1.jpg,https://raw.githubusercontent.com/SehrishMughal/OnlineStore/main/images/prod_147575_alt_2.jpg "" ","https://yourwebsite.com/products/147575","in stock","new","bags"
"150040","Premium Storage Bags Grey Foldable 6 Pack","Premium Premium Storage Bags Grey Foldable 6 Pack available at best price.","2268 PKR","https://raw.githubusercontent.com/SehrishMughal/OnlineStore/main/images/prod_150040.jpg"," "" https://raw.githubusercontent.com/SehrishMughal/OnlineStore/main/images/prod_150040_alt_0.jpg "" ","https://yourwebsite.com/products/150040","in stock","new","bags"
"221988","Stylish Storage Bags Gray Dustproof Double Load","Premium Stylish Storage Bags Gray Dustproof Double Load available at best price.","2128 PKR","https://raw.githubusercontent.com/SehrishMughal/OnlineStore/main/images/prod_221988.jpeg"," "" https://raw.githubusercontent.com/SehrishMughal/OnlineStore/main/images/prod_221988_alt_0.jpeg,https://raw.githubusercontent.com/SehrishMughal/OnlineStore/main/images/prod_221988_alt_1.jpeg,https://raw.githubusercontent.com/SehrishMughal/OnlineStore/main/images/prod_221988_alt_2.jpeg,https://raw.githubusercontent.com/SehrishMughal/OnlineStore/main/images/prod_221988_alt_3.jpeg,https://raw.githubusercontent.com/SehrishMughal/OnlineStore/main/images/prod_221988_alt_4.jpeg "" ","https://yourwebsite.com/products/221988","in stock","new","bags"
"233277","Pack of 4 Durable Storage Bags for Home Office Use","Premium Pack of 4 Durable Storage Bags for Home Office Use available at best price.","1512 PKR","https://raw.githubusercontent.com/SehrishMughal/OnlineStore/main/images/prod_233277.jpeg"," "" https://raw.githubusercontent.com/SehrishMughal/OnlineStore/main/images/prod_233277_alt_0.jpeg,https://raw.githubusercontent.com/SehrishMughal/OnlineStore/main/images/prod_233277_alt_1.jpeg,https://raw.githubusercontent.com/SehrishMughal/OnlineStore/main/images/prod_233277_alt_2.jpeg,https://raw.githubusercontent.com/SehrishMughal/OnlineStore/main/images/prod_233277_alt_3.jpeg,https://raw.githubusercontent.com/SehrishMughal/OnlineStore/main/images/prod_233277_alt_4.jpeg "" ","https://yourwebsite.com/products/233277","in stock","new","bags"
"150042","Premium Storage Bags Pack of 6 Grey Black Foldable","Premium Premium Storage Bags Pack of 6 Grey Black Foldable available at best price.","2338 PKR","https://raw.githubusercontent.com/SehrishMughal/OnlineStore/main/images/prod_150042.jpg"," "" https://raw.githubusercontent.com/SehrishMughal/OnlineStore/main/images/prod_150042_alt_0.jpg "" ","https://yourwebsite.com/products/150042","in stock","new","bags"
"221986","Pack of 6 Dustproof Storage Bags for Home Organization","Premium Pack of 6 Dustproof Storage Bags for Home Organization available at best price.","2212 PKR","https://raw.githubusercontent.com/SehrishMughal/OnlineStore/main/images/prod_221986.jpeg"," "" https://raw.githubusercontent.com/SehrishMughal/OnlineStore/main/images/prod_221986_alt_0.jpeg,https://raw.githubusercontent.com/SehrishMughal/OnlineStore/main/images/prod_221986_alt_1.jpeg,https://raw.githubusercontent.com/SehrishMughal/OnlineStore/main/images/prod_221986_alt_2.jpeg,https://raw.githubusercontent.com/SehrishMughal/OnlineStore/main/images/prod_221986_alt_3.jpeg,https://raw.githubusercontent.com/SehrishMughal/OnlineStore/main/images/prod_221986_alt_4.jpeg "" ","https://yourwebsite.com/products/221986","in stock","new","bags"
"321423","Storage Bags Pack of 4 Clear Window Durable Non-Woven","Premium Storage Bags Pack of 4 Clear Window Durable Non-Woven available at best price.","1498 PKR","https://raw.githubusercontent.com/SehrishMughal/OnlineStore/main/images/prod_321423.jpg"," "" https://raw.githubusercontent.com/SehrishMughal/OnlineStore/main/images/prod_321423_alt_0.jpg,https://raw.githubusercontent.com/SehrishMughal/OnlineStore/main/images/prod_321423_alt_1.jpg,https://raw.githubusercontent.com/SehrishMughal/OnlineStore/main/images/prod_321423_alt_2.jpg,https://raw.githubusercontent.com/SehrishMughal/OnlineStore/main/images/prod_321423_alt_3.jpg,https://raw.githubusercontent.com/SehrishMughal/OnlineStore/main/images/prod_321423_alt_4.jpg "" ","https://yourwebsite.com/products/321423","in stock","new","bags"
"208265","Gray Storage Bags 8 Pcs Dustproof Acrylic Cotton","Premium Gray Storage Bags 8 Pcs Dustproof Acrylic Cotton available at best price.","2786 PKR","https://raw.githubusercontent.com/SehrishMughal/OnlineStore/main/images/prod_208265.jpg"," "" https://raw.githubusercontent.com/SehrishMughal/OnlineStore/main/images/prod_208265_alt_0.jpg,https://raw.githubusercontent.com/SehrishMughal/OnlineStore/main/images/prod_208265_alt_1.jpg,https://raw.githubusercontent.com/SehrishMughal/OnlineStore/main/images/prod_208265_alt_2.jpg,https://raw.githubusercontent.com/SehrishMughal/OnlineStore/main/images/prod_208265_alt_3.jpg,https://raw.githubusercontent.com/SehrishMughal/OnlineStore/main/images/prod_208265_alt_4.jpg "" ","https://yourwebsite.com/products/208265","in stock","new","bags"
"620413","Metal Snap Button Machine for Bags & Jackets Pakistan","Premium Metal Snap Button Machine for Bags & Jackets Pakistan available at best price.","1035 PKR","https://raw.githubusercontent.com/SehrishMughal/OnlineStore/main/images/prod_620413.jpg"," "" https://raw.githubusercontent.com/SehrishMughal/OnlineStore/main/images/prod_620413_alt_0.jpg,https://raw.githubusercontent.com/SehrishMughal/OnlineStore/main/images/prod_620413_alt_1.jpg,https://raw.githubusercontent.com/SehrishMughal/OnlineStore/main/images/prod_620413_alt_2.jpg,https://raw.githubusercontent.com/SehrishMughal/OnlineStore/main/images/prod_620413_alt_3.jpg,https://raw.githubusercontent.com/SehrishMughal/OnlineStore/main/images/prod_620413_alt_4.jpg "" ","https://yourwebsite.com/products/620413","in stock","new","bags"
"576658","Stylish Wall-Mounted Storage Bags for Home Use","Premium Stylish Wall-Mounted Storage Bags for Home Use available at best price.","563 PKR","https://raw.githubusercontent.com/SehrishMughal/OnlineStore/main/images/prod_576658.jpeg"," "" https://raw.githubusercontent.com/SehrishMughal/OnlineStore/main/images/prod_576658_alt_0.jpeg,https://raw.githubusercontent.com/SehrishMughal/OnlineStore/main/images/prod_576658_alt_1.jpeg,https://raw.githubusercontent.com/SehrishMughal/OnlineStore/main/images/prod_576658_alt_2.jpeg,https://raw.githubusercontent.com/SehrishMughal/OnlineStore/main/images/prod_576658_alt_3.jpeg,https://raw.githubusercontent.com/SehrishMughal/OnlineStore/main/images/prod_576658_alt_4.jpeg "" ","https://yourwebsite.com/products/576658","in stock","new","bags"
"187979","4 Pack Durable Storage Bags Black Red Transparent Side","Premium 4 Pack Durable Storage Bags Black Red Transparent Side available at best price.","1610 PKR","https://raw.githubusercontent.com/SehrishMughal/OnlineStore/main/images/prod_187979.jpeg"," "" https://raw.githubusercontent.com/SehrishMughal/OnlineStore/main/images/prod_187979_alt_0.jpeg,https://raw.githubusercontent.com/SehrishMughal/OnlineStore/main/images/prod_187979_alt_1.jpeg,https://raw.githubusercontent.com/SehrishMughal/OnlineStore/main/images/prod_187979_alt_2.jpeg,https://raw.githubusercontent.com/SehrishMughal/OnlineStore/main/images/prod_187979_alt_3.jpeg,https://raw.githubusercontent.com/SehrishMughal/OnlineStore/main/images/prod_187979_alt_4.jpeg "" ","https://yourwebsite.com/products/187979","in stock","new","bags"
"528641","Blue Daisy Storage Bags for Home & Clothes Storage","Premium Blue Daisy Storage Bags for Home & Clothes Storage available at best price.","2156 PKR","https://raw.githubusercontent.com/SehrishMughal/OnlineStore/main/images/prod_528641.jpeg"," "" https://raw.githubusercontent.com/SehrishMughal/OnlineStore/main/images/prod_528641_alt_0.jpeg,https://raw.githubusercontent.com/SehrishMughal/OnlineStore/main/images/prod_528641_alt_1.jpeg,https://raw.githubusercontent.com/SehrishMughal/OnlineStore/main/images/prod_528641_alt_2.jpeg,https://raw.githubusercontent.com/SehrishMughal/OnlineStore/main/images/prod_528641_alt_3.jpeg,https://raw.githubusercontent.com/SehrishMughal/OnlineStore/main/images/prod_528641_alt_4.jpeg "" ","https://yourwebsite.com/products/528641","in stock","new","bags"
"147834","Stylish Durable Storage Bags Black Beige Gray","Premium Stylish Durable Storage Bags Black Beige Gray available at best price.","1344 PKR","https://raw.githubusercontent.com/SehrishMughal/OnlineStore/main/images/prod_147834.jpg"," "" https://raw.githubusercontent.com/SehrishMughal/OnlineStore/main/images/prod_147834_alt_0.jpg "" ","https://yourwebsite.com/products/147834","in stock","new","bags"
"78539","Set of 4 Black Storage Bags with Red Trim for Home Organization","Premium Set of 4 Black Storage Bags with Red Trim for Home Organization available at best price.","1179 PKR","https://raw.githubusercontent.com/SehrishMughal/OnlineStore/main/images/prod_78539.jpg"," "" https://raw.githubusercontent.com/SehrishMughal/OnlineStore/main/images/prod_78539_alt_0.jpg,https://raw.githubusercontent.com/SehrishMughal/OnlineStore/main/images/prod_78539_alt_1.jpg,https://raw.githubusercontent.com/SehrishMughal/OnlineStore/main/images/prod_78539_alt_2.jpg,https://raw.githubusercontent.com/SehrishMughal/OnlineStore/main/images/prod_78539_alt_3.jpg,https://raw.githubusercontent.com/SehrishMughal/OnlineStore/main/images/prod_78539_alt_4.jpg "" ","https://yourwebsite.com/products/78539","in stock","new","bags"
"528673","Blue Daisy Print Storage Bags for Home Organization","Premium Blue Daisy Print Storage Bags for Home Organization available at best price.","2198 PKR","https://raw.githubusercontent.com/SehrishMughal/OnlineStore/main/images/prod_528673.jpeg"," "" https://raw.githubusercontent.com/SehrishMughal/OnlineStore/main/images/prod_528673_alt_0.jpeg,https://raw.githubusercontent.com/SehrishMughal/OnlineStore/main/images/prod_528673_alt_1.jpeg,https://raw.githubusercontent.com/SehrishMughal/OnlineStore/main/images/prod_528673_alt_2.jpeg,https://raw.githubusercontent.com/SehrishMughal/OnlineStore/main/images/prod_528673_alt_3.jpeg,https://raw.githubusercontent.com/SehrishMughal/OnlineStore/main/images/prod_528673_alt_4.jpeg "" ","https://yourwebsite.com/products/528673","in stock","new","bags"
"653217","Stylish Knitted Bags for Teachers & Gifting Pakistan","Premium Stylish Knitted Bags for Teachers & Gifting Pakistan available at best price.","1434 PKR","https://cbu01.alicdn.com/img/ibank/O1CN01J5s5NA1oeYNlBfOcV_!!2217467535250-0-cib.jpg"," "" https://cbu01.alicdn.com/img/ibank/O1CN01lqrO6A1oeYNer2Au3_!!2217467535250-0-cib.jpg,https://cbu01.alicdn.com/img/ibank/O1CN011ebzcV1oeYNmAoU9v_!!2217467535250-0-cib.jpg,https://cbu01.alicdn.com/img/ibank/O1CN01OCDVvm1oeYNlmndnI_!!2217467535250-0-cib.jpg,https://cbu01.alicdn.com/img/ibank/O1CN01ov0W1O1oeYNlN32oO_!!2217467535250-0-cib.jpg "" ","https://yourwebsite.com/products/653217","in stock","new","bags"
"653220","Korean Knitted Bags for Weddings Parties Pakistan","Premium Korean Knitted Bags for Weddings Parties Pakistan available at best price.","871 PKR","https://cbu01.alicdn.com/img/ibank/O1CN01bZyQ9V1iKVOJYLsSH_!!2218277144394-0-cib.jpg"," "" https://cbu01.alicdn.com/img/ibank/O1CN01nkmxeG1iKVLpV2iWI_!!2218277144394-0-cib.jpg,https://cbu01.alicdn.com/img/ibank/O1CN01xB4Tvm1iKVLpvb3eK_!!2218277144394-0-cib.jpg,https://cbu01.alicdn.com/img/ibank/O1CN01h8Tp1o1iKVP89veIL_!!2218277144394-0-cib.jpg,https://cbu01.alicdn.com/img/ibank/O1CN01FcEpMl1iKVLpvd4VI_!!2218277144394-0-cib.jpg "" ","https://yourwebsite.com/products/653220","in stock","new","bags"
"187980","Non-Woven Storage Bags 6 Pack Beige Dust Proof","Premium Non-Woven Storage Bags 6 Pack Beige Dust Proof available at best price.","2198 PKR","https://raw.githubusercontent.com/SehrishMughal/OnlineStore/main/images/prod_187980.jpeg"," "" https://raw.githubusercontent.com/SehrishMughal/OnlineStore/main/images/prod_187980_alt_0.jpeg,https://raw.githubusercontent.com/SehrishMughal/OnlineStore/main/images/prod_187980_alt_1.jpeg,https://raw.githubusercontent.com/SehrishMughal/OnlineStore/main/images/prod_187980_alt_2.jpeg,https://raw.githubusercontent.com/SehrishMughal/OnlineStore/main/images/prod_187980_alt_3.jpeg,https://raw.githubusercontent.com/SehrishMughal/OnlineStore/main/images/prod_187980_alt_4.jpeg "" ","https://yourwebsite.com/products/187980","in stock","new","bags"
"589973","Panda Design Folding Storage Bags Blue Black Red Brown","Premium Panda Design Folding Storage Bags Blue Black Red Brown available at best price.","685 PKR","https://raw.githubusercontent.com/SehrishMughal/OnlineStore/main/images/prod_589973.jpeg"," "" https://raw.githubusercontent.com/SehrishMughal/OnlineStore/main/images/prod_589973_alt_0.jpeg,https://raw.githubusercontent.com/SehrishMughal/OnlineStore/main/images/prod_589973_alt_1.jpg,https://raw.githubusercontent.com/SehrishMughal/OnlineStore/main/images/prod_589973_alt_2.jpg,https://raw.githubusercontent.com/SehrishMughal/OnlineStore/main/images/prod_589973_alt_3.jpeg,https://raw.githubusercontent.com/SehrishMughal/OnlineStore/main/images/prod_589973_alt_4.jpeg "" ","https://yourwebsite.com/products/589973","in stock","new","bags"
"441853","Stackable Storage Bags Black Red Transparent Front","Premium Stackable Storage Bags Black Red Transparent Front available at best price.","769 PKR","https://raw.githubusercontent.com/SehrishMughal/OnlineStore/main/images/prod_441853.jpg"," "" https://raw.githubusercontent.com/SehrishMughal/OnlineStore/main/images/prod_441853_alt_0.jpg,https://raw.githubusercontent.com/SehrishMughal/OnlineStore/main/images/prod_441853_alt_1.jpg,https://raw.githubusercontent.com/SehrishMughal/OnlineStore/main/images/prod_441853_alt_2.jpg,https://raw.githubusercontent.com/SehrishMughal/OnlineStore/main/images/prod_441853_alt_3.jpg,https://raw.githubusercontent.com/SehrishMughal/OnlineStore/main/images/prod_441853_alt_4.jpg "" ","https://yourwebsite.com/products/441853","in stock","new","bags"
"271301","Hand Carry Travel Bags Black Waterproof Non-Woven","Premium Hand Carry Travel Bags Black Waterproof Non-Woven available at best price.","2058 PKR","https://raw.githubusercontent.com/SehrishMughal/OnlineStore/main/images/prod_271301.jpeg"," "" https://raw.githubusercontent.com/SehrishMughal/OnlineStore/main/images/prod_271301_alt_0.jpeg,https://raw.githubusercontent.com/SehrishMughal/OnlineStore/main/images/prod_271301_alt_1.jpeg,https://raw.githubusercontent.com/SehrishMughal/OnlineStore/main/images/prod_271301_alt_2.jpeg,https://raw.githubusercontent.com/SehrishMughal/OnlineStore/main/images/prod_271301_alt_3.jpeg "" ","https://yourwebsite.com/products/271301","in stock","new","bags"
"224850","Grey Dustproof Storage Bags for Home Organization","Premium Grey Dustproof Storage Bags for Home Organization available at best price.","2086 PKR","https://raw.githubusercontent.com/SehrishMughal/OnlineStore/main/images/prod_224850.jpg"," "" https://raw.githubusercontent.com/SehrishMughal/OnlineStore/main/images/prod_224850_alt_0.jpg,https://raw.githubusercontent.com/SehrishMughal/OnlineStore/main/images/prod_224850_alt_1.jpg,https://raw.githubusercontent.com/SehrishMughal/OnlineStore/main/images/prod_224850_alt_2.jpg "" ","https://yourwebsite.com/products/224850","in stock","new","bags"
"441857","Premium Quality Storage Bags Black Red Stackable Transparent","Premium Premium Quality Storage Bags Black Red Stackable Transparent available at best price.","1120 PKR","https://raw.githubusercontent.com/SehrishMughal/OnlineStore/main/images/prod_441857.jpg"," "" https://raw.githubusercontent.com/SehrishMughal/OnlineStore/main/images/prod_441857_alt_0.jpg,https://raw.githubusercontent.com/SehrishMughal/OnlineStore/main/images/prod_441857_alt_1.jpg,https://raw.githubusercontent.com/SehrishMughal/OnlineStore/main/images/prod_441857_alt_2.jpg,https://raw.githubusercontent.com/SehrishMughal/OnlineStore/main/images/prod_441857_alt_3.jpg,https://raw.githubusercontent.com/SehrishMughal/OnlineStore/main/images/prod_441857_alt_4.jpg "" ","https://yourwebsite.com/products/441857","in stock","new","bags"
"187976","Gray Storage Bags with Zipper & Handles for Home Organization","Premium Gray Storage Bags with Zipper & Handles for Home Organization available at best price.","966 PKR","https://raw.githubusercontent.com/SehrishMughal/OnlineStore/main/images/prod_187976.jpeg"," "" https://raw.githubusercontent.com/SehrishMughal/OnlineStore/main/images/prod_187976_alt_0.jpeg,https://raw.githubusercontent.com/SehrishMughal/OnlineStore/main/images/prod_187976_alt_1.jpeg,https://raw.githubusercontent.com/SehrishMughal/OnlineStore/main/images/prod_187976_alt_2.jpeg,https://raw.githubusercontent.com/SehrishMughal/OnlineStore/main/images/prod_187976_alt_3.jpeg,https://raw.githubusercontent.com/SehrishMughal/OnlineStore/main/images/prod_187976_alt_4.jpeg "" ","https://yourwebsite.com/products/187976","in stock","new","bags"
"528649","Green Daisy Print Storage Bags for Heavy Items","Premium Green Daisy Print Storage Bags for Heavy Items available at best price.","2156 PKR","https://raw.githubusercontent.com/SehrishMughal/OnlineStore/main/images/prod_528649.jpeg"," "" https://raw.githubusercontent.com/SehrishMughal/OnlineStore/main/images/prod_528649_alt_0.jpeg,https://raw.githubusercontent.com/SehrishMughal/OnlineStore/main/images/prod_528649_alt_1.jpeg,https://raw.githubusercontent.com/SehrishMughal/OnlineStore/main/images/prod_528649_alt_2.jpeg,https://raw.githubusercontent.com/SehrishMughal/OnlineStore/main/images/prod_528649_alt_3.jpeg,https://raw.githubusercontent.com/SehrishMughal/OnlineStore/main/images/prod_528649_alt_4.jpeg "" ","https://yourwebsite.com/products/528649","in stock","new","bags"
"653218","Korean Knitted Bags Blue Green Pink for Weddings Parties","Premium Korean Knitted Bags Blue Green Pink for Weddings Parties available at best price.","1434 PKR","https://cbu01.alicdn.com/img/ibank/O1CN01bZyQ9V1iKVOJYLsSH_!!2218277144394-0-cib.jpg"," "" https://cbu01.alicdn.com/img/ibank/O1CN01nkmxeG1iKVLpV2iWI_!!2218277144394-0-cib.jpg,https://cbu01.alicdn.com/img/ibank/O1CN01xB4Tvm1iKVLpvb3eK_!!2218277144394-0-cib.jpg,https://cbu01.alicdn.com/img/ibank/O1CN01h8Tp1o1iKVP89veIL_!!2218277144394-0-cib.jpg,https://cbu01.alicdn.com/img/ibank/O1CN01FcEpMl1iKVLpvd4VI_!!2218277144394-0-cib.jpg "" ","https://yourwebsite.com/products/653218","in stock","new","bags"
"441850","Stackable Storage Bags Black Red Transparent Front","Premium Stackable Storage Bags Black Red Transparent Front available at best price.","622 PKR","https://raw.githubusercontent.com/SehrishMughal/OnlineStore/main/images/prod_441850.jpg"," "" https://raw.githubusercontent.com/SehrishMughal/OnlineStore/main/images/prod_441850_alt_0.jpg,https://raw.githubusercontent.com/SehrishMughal/OnlineStore/main/images/prod_441850_alt_1.jpg,https://raw.githubusercontent.com/SehrishMughal/OnlineStore/main/images/prod_441850_alt_2.jpg,https://raw.githubusercontent.com/SehrishMughal/OnlineStore/main/images/prod_441850_alt_3.jpg,https://raw.githubusercontent.com/SehrishMughal/OnlineStore/main/images/prod_441850_alt_4.jpg "" ","https://yourwebsite.com/products/441850","in stock","new","bags"
"610036","Snap Button Machine for Jackets Bags Home Tailoring Red Metal","Premium Snap Button Machine for Jackets Bags Home Tailoring Red Metal available at best price.","1035 PKR","https://raw.githubusercontent.com/SehrishMughal/OnlineStore/main/images/prod_610036.jpeg"," "" https://raw.githubusercontent.com/SehrishMughal/OnlineStore/main/images/prod_610036_alt_0.jpeg,https://raw.githubusercontent.com/SehrishMughal/OnlineStore/main/images/prod_610036_alt_1.jpeg,https://raw.githubusercontent.com/SehrishMughal/OnlineStore/main/images/prod_610036_alt_2.jpeg,https://raw.githubusercontent.com/SehrishMughal/OnlineStore/main/images/prod_610036_alt_3.jpeg,https://raw.githubusercontent.com/SehrishMughal/OnlineStore/main/images/prod_610036_alt_4.jpeg "" ","https://yourwebsite.com/products/610036","in stock","new","bags"
"569673","Black Red Zip Storage Bags 15kg Non Woven","Premium Black Red Zip Storage Bags 15kg Non Woven available at best price.","1596 PKR","https://raw.githubusercontent.com/SehrishMughal/OnlineStore/main/images/prod_569673.jpg"," "" https://raw.githubusercontent.com/SehrishMughal/OnlineStore/main/images/prod_569673_alt_0.jpg "" ","https://yourwebsite.com/products/569673","in stock","new","bags"
"657415","Black Korean Style Messenger Bag for Women","Premium Black Korean Style Messenger Bag for Women available at best price.","3682 PKR","https://cbu01.alicdn.com/img/ibank/O1CN01M1jX6i1lwvHrtd390_!!1868334884-0-cib.jpg"," "" https://cbu01.alicdn.com/img/ibank/O1CN01WOJCAc1lwvHiORZGs_!!1868334884-0-cib.jpg,https://cbu01.alicdn.com/img/ibank/O1CN01jIeZrV1lwvHo4c3A7_!!1868334884-0-cib.jpg,https://cbu01.alicdn.com/img/ibank/O1CN0160d9TU1lwvHrtaptP_!!1868334884-0-cib.jpg,https://cbu01.alicdn.com/img/ibank/O1CN01Y3rTBL1lwvHdm7pVi_!!1868334884-0-cib.jpg,https://cbu01.alicdn.com/img/ibank/O1CN01wl15Ik1lwvHoazuMV_!!1868334884-0-cib.jpg "" ","https://yourwebsite.com/products/657415","in stock","new","bags"
"664755","Women PU Leather Crossbody Bag Black Red 2025 Korean Style","Premium Women PU Leather Crossbody Bag Black Red 2025 Korean Style available at best price.","2487 PKR","https://cbu01.alicdn.com/img/ibank/O1CN01cbJuZz1dTaqG8e8Ix_!!2382183737-0-cib.jpg"," "" https://cbu01.alicdn.com/img/ibank/O1CN01jLwZMP1dTaqDBhhV6_!!2382183737-0-cib.jpg,https://cbu01.alicdn.com/img/ibank/O1CN01hvZ2pM1dTaqJEHiZJ_!!2382183737-0-cib.jpg,https://cbu01.alicdn.com/img/ibank/O1CN018mj6D21dTaq1i0Snm_!!2382183737-0-cib.jpg,https://cbu01.alicdn.com/img/ibank/O1CN019yMot41dTauUo61Po_!!2382183737-0-cib.jpg,https://cbu01.alicdn.com/img/ibank/O1CN01GY6tTR1dTauHu9WaZ_!!2382183737-0-cib.jpg "" ","https://yourwebsite.com/products/664755","in stock","new","bags"
"657406","Black Women's Fashion Handbag with Pom Pom Charm","Premium Black Women's Fashion Handbag with Pom Pom Charm available at best price.","3467 PKR","https://static.markaz.app/pakistan/thumbnails/products/https://cbu01.alicdn.com/img/ibank/O1CN01xSZOS41F4MFVMvVgA_!!3246710433-0-cib.jpg"," "" https://static.markaz.app/pakistan/products/https://cbu01.alicdn.com/img/ibank/O1CN01xSZOS41F4MFVMvVgA_!!3246710433-0-cib.jpg,https://static.markaz.app/pakistan/products/https://cbu01.alicdn.com/img/ibank/4404026615_27799352.jpg,https://static.markaz.app/pakistan/thumbnails/products/https://cbu01.alicdn.com/img/ibank/4404026615_27799352.jpg,https://static.markaz.app/pakistan/products/https://cbu01.alicdn.com/img/ibank/4406344239_27799352.jpg,https://static.markaz.app/pakistan/thumbnails/products/https://cbu01.alicdn.com/img/ibank/4406344239_27799352.jpg "" ","https://yourwebsite.com/products/657406","in stock","new","bags"
"619262","Black Rexine Crossbody Bag with Gold Chain Strap","Premium Black Rexine Crossbody Bag with Gold Chain Strap available at best price.","2646 PKR","https://raw.githubusercontent.com/SehrishMughal/OnlineStore/main/images/prod_619262.jpeg"," "" https://raw.githubusercontent.com/SehrishMughal/OnlineStore/main/images/prod_619262_alt_0.jpeg,https://raw.githubusercontent.com/SehrishMughal/OnlineStore/main/images/prod_619262_alt_1.jpeg,https://raw.githubusercontent.com/SehrishMughal/OnlineStore/main/images/prod_619262_alt_2.jpeg,https://raw.githubusercontent.com/SehrishMughal/OnlineStore/main/images/prod_619262_alt_3.jpeg,https://raw.githubusercontent.com/SehrishMughal/OnlineStore/main/images/prod_619262_alt_4.jpeg "" ","https://yourwebsite.com/products/619262","in stock","new","bags"
